ForayNL Name,Mycobank Name,Value
Agyrium rufum ,Agyrium rufum,1
Alectoria nigricans (Gowardia nigricans),,3
Alectoria ochroleuca,Alectoria ochroleuca,0
Alectoria sarmentosa,Alectoria sarmentosa,0
Alyxoria varia,Alyxoria varia,0
Amandinea punctata,Amandinea punctata,0
Arctoparmelia centrifuga,Arctoparmelia centrifuga,0
Arctoparmelia incurva,Arctoparmelia incurva,0
Arthonia patellulata,Arthonia patellulata,0
Aspicilia cinerea,Aspicilia cinerea,0
Aspicilia gibbosa (Circinaria gibbosa),,3
Athallia holocarpa,Athallia holocarpa,0
Athallia pyracea,Athallia pyracea,0
Bacidia subincompta ,Bacidia subincompta,1
Baeomyces rufus,Baeomyces rufus,0
Bellemerea cinereorufescens,Bellemerea cinereorufescens,0
Biatora pycnidiata,Biatora pycnidiata,0
Biatora vernalis,Biatora vernalis,0
Bilimbia sabuletorum ,Bilimbia sabuletorum,1
Bryoria americana,Bryoria americana,0
Bryoria bicolor,Bryoria bicolor,0
Bryoria furcellata,Bryoria furcellata,0
Bryoria fuscescens,Bryoria fuscescens,0
Bryoria lanestris,Bryoria lanestris,0
Bryoria nadvornikiana,Bryoria nadvornikiana,0
Bryoria nitidula,Bryoria nitidula,0
Bryoria pikei,Bryoria pikei,0
Bryoria simplicior,Bryoria simplicior,0
Bryoria sp.,,3
Bryoria trichodes,Bryoria trichodes,0
Bryoria trichodes ssp. trichodes,Bryoria trichodes subsp. trichodes,2
Buellia arnoldii,Buellia arnoldii,0
Buellia discoformis,Buellia disciformis,2
Buellia erubescens,Buellia erubescens,0
Buellia punctata,Buellia punctata,0
Buellia stillingiana,Buellia stillingiana,0
Calicium abietinum,Calicium abietinum,0
Calicium lenticulare,Calicium lenticulare,0
Calicium parvum,Calicium parvum,0
Calicium salicinum,Calicium salicinum,0
Calicium sp.,,3
Calicium trabinellum,Calicium trabinellum,0
Caloplaca arenaria,Caloplaca arenaria,0
Caloplaca cerina ,Caloplaca cerina,1
Caloplaca discolor,Caloplaca discolor,0
Caloplaca fraudans,Caloplaca fraudans,0
Caloplaca holocarpa,Caloplaca holocarpa,0
Calvitimela aglaea,Calvitimela aglaea,0
Candelaria concolor,Candelaria concolor,0
Candelariella efflorescens,Candelariella efflorescens,0
Candellariella aurella,Candelariella aurella,2
Carbonea vorticosa,Carbonea vorticosa,0
Catillaria chalybeia,Catillaria chalybeia,0
Catinaria atropurpurea,Catinaria atropurpurea,0
Cetraria aculeata,Cetraria aculeata,0
Cetraria ericetorum,Cetraria ericetorum,0
Cetraria islandica,Cetraria islandica,0
Cetraria islandica ssp. crispiformis,Cetraria islandica subsp. crispiformis,2
Cetraria laevigata,Cetraria laevigata,0
Cetraria muricata,Cetraria muricata,0
Cetrariella delisei,Cetrariella delisei,0
Cetrariella sp.,,3
Chaenotheca balsamconensis,Chaenotheca balsamconensis,0
Chaenotheca bruneola,Chaenotheca brunneola,2
Chaenotheca chrysocephala ,Chaenotheca chrysocephala,1
Chaenotheca ferruginea,Chaenotheca ferruginea,0
Chaenotheca furfuracea,Chaenotheca furfuracea,0
Chaenotheca sp.,,3
Chaenotheca trichialis ,Chaenotheca trichialis,1
Chaenothecia xyloxena,Chaenotheca xyloxena,2
Chaenothecopsis marcineae,Chaenothecopsis marcineae,0
Chaenothecopsis nigra,Chaenothecopsis nigra,0
Chaenothecopsis pusilla,Chaenothecopsis pusilla,0
Chaenothecopsis sp.,,3
Cladonai wainioi,Cladonia wainioi,2
Cladonia acuminata,Cladonia acuminata,0
Cladonia amaurocraea,Cladonia amaurocraea,0
Cladonia arbuscula,Cladonia arbuscula,0
Cladonia arbuscula spp. squarrosa,Cladonia arbuscula subsp. squarrosa,2
Cladonia bacilliformis,Cladonia bacilliformis,0
Cladonia bellidiflora,Cladonia bellidiflora,0
Cladonia borealis,Cladonia borealis,0
Cladonia boryi,Cladonia boryi,0
Cladonia botrytes,Cladonia botrytes,0
Cladonia caespiticia,Cladonia caespiticia,0
Cladonia cariosa,Cladonia cariosa,0
Cladonia carneola,Cladonia carneola,0
Cladonia cenotea,Cladonia cenotea,0
Cladonia chlorophaea complex,,3
Cladonia chlorophaea s.s.,,3
Cladonia coccifera,Cladonia coccifera,0
Cladonia coniocraea,Cladonia coniocraea,0
Cladonia cornuta,Cladonia cornuta,0
Cladonia cornuta ssp. groenlandicum,Cladonia cornuta subsp. groenlandica,2
Cladonia crispata,Cladonia crispata,0
Cladonia cristatella,Cladonia cristatella,0
Cladonia cyanipes,Cladonia cyanipes,0
Cladonia deformis ,Cladonia deformis,1
Cladonia digitata,Cladonia digitata,0
Cladonia farinacea,Cladonia farinacea,0
Cladonia fimbriata,Cladonia fimbriata,0
Cladonia furcata,Cladonia furcata,0
Cladonia gracilis spp. elongata,Cladonia gracilis subsp. elongata,2
Cladonia gracilis spp. gracilis,Cladonia gracilis subsp. gracilis,2
Cladonia gracilis ssp. turbinata,Cladonia gracilis subsp. turbinata,2
Cladonia grayi,Cladonia grayi,0
Cladonia groenlandica,Cladonia groenlandica,0
Cladonia macilenta,Cladonia macilenta,0
Cladonia macilenta var. bacillaris,Cladonia macilenta var. bacillaris,0
Cladonia macrophylla,Cladonia macrophylla,0
Cladonia maxima,Cladonia maxima,0
Cladonia merochlorophaea,Cladonia merochlorophaea,0
Cladonia metacorallifera,Cladonia metacorallifera,0
Cladonia mitis (Cladonia arbuscula subsp. mitis),,3
Cladonia multiformis,Cladonia multiformis,0
Cladonia ochrochlora,Cladonia ochrochlora,0
Cladonia peziziformis,Cladonia peziziformis,0
Cladonia phyllophora,Cladonia phyllophora,0
Cladonia pleurota,Cladonia pleurota,0
Cladonia pocillum,Cladonia pocillum,0
Cladonia pyxidata,Cladonia pyxidata,0
Cladonia rangiferina,Cladonia rangiferina,0
Cladonia rei,Cladonia rei,0
Cladonia scabriuscula,Cladonia scabriuscula,0
Cladonia sp.,,3
Cladonia squamosa,Cladonia squamosa,0
Cladonia squamosa var. subsquamosa,Cladonia squamosa var. subsquamosa,0
Cladonia stellaris,Cladonia stellaris,0
Cladonia strepsilis,Cladonia strepsilis,0
Cladonia stygia,Cladonia stygia,0
Cladonia subulata,Cladonia subulata,0
Cladonia sulphurina,Cladonia sulphurina,0
Cladonia symphycarpa,Cladonia symphycarpa,0
Cladonia terrae-novae,Cladonia terrae-novae,0
Cladonia terrae-novae f. cinerascens,Cladonia terrae-novae f. cinerascens,0
Cladonia turgida,Cladonia turgida,0
Cladonia uncialis,Cladonia uncialis,0
Cladonia verticillata,Cladonia verticillata,0
Coccocarpia palmicola,Coccocarpia palmicola,0
Collema furfuraceum,Collema furfuraceum,0
Cystobasidium hypogymniicola,Cystobasidium hypogymniicola,0
Dermatocarpon miniatum,Dermatocarpon miniatum,0
Dibaeis baeomyces,Dibaeis baeomyces,0
Diploschistes scruposus,Diploschistes scruposus,0
Diplotomma nivalis,Diplotomma nivalis,0
Ephebe lanata,Ephebe lanata,0
Evernia mesomorpha,Evernia mesomorpha,0
Flavocetraria cucullata,Flavocetraria cucullata,0
Flavocetraria nivalis,Flavocetraria nivalis,0
Flavoplaca citrina,Flavoplaca citrina,0
Fuscopannaria ahlneri,Fuscopannaria ahlneri,0
Gowardia nigricans,Gowardia nigricans,0
Graphis elegens,Graphis elegans,2
Graphis scripta,Graphis scripta,0
Haematomma elatinum,Haematomma elatinum,0
Haematomma ochrophaeum,Haematomma ochrophaeum,0
Hymenelia obtecta,Hymenelia obtecta,0
Hypogymnia bitteri,Hypogymnia bitteri,0
Hypogymnia incurvoides,Hypogymnia incurvoides,0
Hypogymnia krogiae,Hypogymnia krogiae,0
Hypogymnia physodes,Hypogymnia physodes,0
Hypogymnia pulverata,Hypogymnia pulverata,0
Hypogymnia tubulosa,Hypogymnia tubulosa,0
Hypogymnia vittata,Hypogymnia vittata,0
Icmadophila ericetorum,Icmadophila ericetorum,0
Imshangia aleurites,Imshaugia aleurites,2
Japewia subaruifera,Japewia subaurifera,2
Lambiella furvella,Lambiella furvella,0
Lambiella impavida,Lambiella impavida,0
Lasallia papillosa,Lasallia papulosa,2
Lecanactis abietina,Lecanactis abietina,0
Lecanactis dubitans,Lecanactis dubia,2
Lecanora allophana,Lecanora allophana,0
Lecanora caesiorubella,Lecanora caesiorubella,0
Lecanora carpinea,Lecanora carpinea,0
Lecanora cincereofusca,Lecanora cinereofusca,2
Lecanora dispersa,Lecanora dispersa,0
Lecanora farinaria,Lecanora farinaria,0
Lecanora intricata,Lecanora intricata,0
Lecanora orae-frigidae,Lecanora orae-frigidae,0
Lecanora polytropa,Lecanora polytropa,0
Lecanora pulicaris,Lecanora pulicaris,0
Lecanora sp.,,3
Lecanora stenotropa,Lecanora stenotropa,0
Lecanora symmicta,Lecanora symmicta,0
Lecanora xylophila,Lecanora xylophila,0
Lecidea albofuscescens ,Lecidea albofuscescens,1
Lecidea auriculata,Lecidea auriculata,0
Lecidea auriculata var. auriculata,Lecidea auriculata var. auriculata,0
Lecidea cinnabarina,Lecidea cinnabarina,0
Lecidea crustulata,Lecidea crustulata,0
Lecidea lapicida,Lecidea lapicida,0
Lecidea lulensis,Lecidea lulensis,0
Lecidea pullata,Lecidea pullata,0
Lecidea sp.,,3
Lecidella elaeochroma,Lecidella elaeochroma,0
Lecidella euphroea (Lecidea euphorea),,3
Lecidella stigmatea (Lecidea stigmatea),,3
Lecidoma demissum,Lecidoma demissum,0
Lepra amara (Pertusaria amara; Variolaria amara),,3
Lepra ophthamiza (Variolaria ophthamiza),,3
Lepra panyrga,Lepra panyrga,0
Lepra sp.,,3
Lepra trachythallina,Lepra trachythallina,0
Lepraria finkii,Lepraria finkii,0
Lepraria lobificans ,Lepraria lobificans,1
Lepraria sp.,,3
Leptogium cyanescens,Leptogium cyanescens,0
Leptogium lichenoides f. lichenoides,Leptogium lichenoides f. lichenoides,0
Leptogium saturninum,Leptogium saturninum,0
Leptorhaphis epidermidis,Leptorhaphis epidermidis,0
Lichenicolous fungi on Arctoparmelia centrifuga (cf. Lichenostigma arctoparmeliae),,3
Lichenicolous fungi on Cladonia boryi,,3
Lichenicolous fungi on Hypogymnia physodes,,3
Lichenicolous fungi on Ophioparma ventosa (Muellerella ventosicola),,3
Lichenicolous fungi on Peltigera sp. (Pronectria robergei),,3
Lichenostigma saxicola,Lichenostigma saxicola,0
Lichinodium sirosiphoideum,Lichinodium sirosiphoideum,0
Lobaria pulmonaria,Lobaria pulmonaria,0
Lobaria quercizans,Lobaria quercizans,0
Lobaria scrobiculata,Lobaria scrobiculata,0
Lopadium disciforme,Lopadium disciforme,0
Lopadium sp.,,3
Loxospora elatina,Loxospora elatina,0
Loxospora ochrophaea,Loxospora ochrophaea,0
Melanelia disjuncta,Melanelia disjuncta,0
Melanelia hepatizon,Melanelia hepatizon,0
Melanelia panniformis,Melanelia panniformis,0
Melanelia stygia,Melanelia stygia,0
Melanelia subaurifera,Melanelia subaurifera,0
Melanelixia glabratula,Melanelixia glabratula,0
Melanohalea septentrionalis,Melanohalea septentrionalis,0
Melanohalea sp. nov.,,3
Melanohalea trabeculata,Melanohalea trabeculata,0
Menegazzia subsimilis,Menegazzia subsimilis,0
Menegazzia terebrata,Menegazzia terebrata,0
Micarea prasina s.l. (group),,3
Microcalicium conversum ,Microcalicium conversum,1
Montanelia panniformis,Montanelia panniformis,0
Mycoblastus affinis,Mycoblastus affinis,0
Mycoblastus caesius,Mycoblastus caesius,0
Mycoblastus sanguinarioides,Mycoblastus sanguinarioides,0
Mycoblastus sanguinarius,Mycoblastus sanguinarius,0
Mycocalicium subtile,Mycocalicium subtile,0
Nephroma arcticum,Nephroma arcticum,0
Nephroma bellum,Nephroma bellum,0
Nephroma laevigatum,Nephroma laevigatum,0
Nephroma parile,Nephroma parile,0
Nephroma resupinatum,Nephroma resupinatum,0
Ochrolechia androgyna,Ochrolechia androgyna,0
Ochrolechia frigida,Ochrolechia frigida,0
Ochrolechia gowardii,Ochrolechia gowardii,0
Ochrolechia granulosa,Ochrolechia pergranulosa,2
Ochrolechia mahluensis,Ochrolechia mahluensis,0
Ochrolechia pseudopallescens,Ochrolechia pseudopallescens,0
Ochrolechia sp.,,3
Ophioparma ventosa,Ophioparma ventosa,0
Parmelia omphaloides,Parmelia omphalodes,2
Parmelia saxatilis,Parmelia saxatilis,0
Parmelia squarrosa,Parmelia squarrosa,0
Parmelia sulcata,Parmelia sulcata,0
Parmeliella parvula,Parmeliella parvula,0
Parmeliella triptophylla,Parmeliella triptophylla,0
Parmeliopsis ambigua,Parmeliopsis ambigua,0
Parmeliopsis capitata,Parmeliopsis capitata,0
Parmeliopsis hyperopta,Parmeliopsis hyperopta,0
Pectenia plumbea (Degelia plumbea) ,,3
Peltigera aphthosa,Peltigera aphthosa,0
Peltigera canina,Peltigera canina,0
Peltigera degenii,Peltigera degenii,0
Peltigera didactyla,Peltigera didactyla,0
Peltigera elizabethae,Peltigera elisabethae,2
Peltigera extenuata,Peltigera extenuata,0
Peltigera horizontalis,Peltigera horizontalis,0
Peltigera hymeninia,Peltigera hymenina,2
Peltigera leucophlebia,Peltigera leucophlebia,0
Peltigera malacea,Peltigera malacea,0
Peltigera membranacea,Peltigera membranacea,0
Peltigera neckeri,Peltigera neckeri,0
Peltigera neopolydactyla,Peltigera neopolydactyla,0
Peltigera polydactylon,Peltigera polydactylon,0
Peltigera ponojensis,Peltigera ponojensis,0
Peltigera praetextata,Peltigera praetextata,0
Peltigera rufescens,Peltigera rufescens,0
Peltigera scabrosa,Peltigera scabrosa,0
Pertusaria androgyna,,3
Pertusaria borealis,Pertusaria borealis,0
Pertusaria consocians ,Pertusaria consocians,1
Pertusaria dactylina,Pertusaria dactylina,0
Pertusaria macounii,Pertusaria macounii,0
Pertusaria plittiana,Pertusaria plittiana,0
Phaeocalicium compressulum,Phaeocalicium compressulum,0
Phaeocalicium flabelliforme,Phaeocalicium flabelliforme,0
Phaeocalicium interruptum,Phaeocalicium interruptum,0
Phaeocalicium mathhewsianum,Phaeocalicium matthewsianum,2
Phaeophyscia orbicularis,Phaeophyscia orbicularis,0
Phaeophyscia pusilloides,Phaeophyscia pusilloides,0
Phaeophysica nigrescens,,3
Physcia adscendens,Physcia adscendens,0
Physcia aipolia var. aipolia ,Physcia aipolia var. aipolia,1
Physcia tenella,Physcia tenella,0
Pilophorus cereolis,Pilophorus cereolus,2
Placynthiella oligotropha ,Placynthiella oligotropha,1
Placynthiella uliginosa,Placynthiella uliginosa,0
Platismatia glauca,Platismatia glauca,0
Platismatia norvegica,Platismatia norvegica,0
Polyblastia hyperborea,Polyblastia hyperborea,0
Polycauliona luteminia,Polycauliona luteominia,2
Polycauliona polycarpa,Polycauliona polycarpa,0
Polysporina simplex,Polysporina simplex,0
Porpidea flavocoerulescens,Porpidia flavocoerulescens,2
Porpidia contraponenda,Porpidia contraponenda,0
Porpidia crustulata,Porpidia crustulata,0
Porpidia grisea,Porpidia grisea,0
Porpidia lowiana,Porpidia lowiana,0
Porpidia macrocarpa,Porpidia macrocarpa,0
Porpidia sp.,,3
Porpidia speira,Porpidia speirea,2
Porpidia tuberculosa,Porpidia tuberculosa,0
Protopannaria pezizoides,Protopannaria pezizoides,0
Protoparmelia badia,Protoparmelia badia,0
Pseudephebe minuscula,Pseudephebe minuscula,0
Psoroma hypnorum,Psoroma hypnorum,0
Pycnothelia papillaria,Pycnothelia papillaria,0
Ramalina dilacerata,Ramalina dilacerata,0
Ramalina farinacea,Ramalina farinacea,0
Ramalina intermedia,Ramalina intermedia,0
Ramalina roesleri,Ramalina roesleri,0
Ramalina thrausta,Ramalina thrausta,0
Ramboldia cinnabarina,Ramboldia cinnabarina,0
Rhizocarpon atroflavescens,Rhizocarpon atroflavescens,0
Rhizocarpon expallescens,Rhizocarpon expallescens,0
Rhizocarpon geminatum,Rhizocarpon geminatum,0
Rhizocarpon geographicum,Rhizocarpon geographicum,0
Rhizocarpon hochstetteri,Rhizocarpon hochstetteri,0
Rhizocarpon lavatum,Rhizocarpon lavatum,0
Rhizocarpon lecanorinum,Rhizocarpon lecanorinum,0
Rhizocarpon macrosporum,Rhizocarpon macrosporum,0
Rhizocarpon reductum,Rhizocarpon reductum,0
Rhizocarpon rubescens,Rhizocarpon rubescens,0
Rhizocarpon sp.,,3
Rinodina ascociscana,Rinodina ascociscana,0
Rinodina mniaraea,Rinodina mniaraea,0
Rinodina tephraspis,Rinodina tephraspis,0
Romjularia lurida,Romjularia lurida,0
Ropalospora chlorantha,Ropalospora chlorantha,0
Rusavskia elegans,Rusavskia elegans,0
Sarcosagium campestre,Sarcosagium campestre,0
Sarea resinae (Zythia resinae),,3
Scytinium lichenoides,Scytinium lichenoides,0
Scytinium subtile,Scytinium subtile,0
Scytinium tenuissimum,Scytinium tenuissimum,0
Scytinium teretiusculum,Scytinium teretiusculum,0
Solarina saccata,Solorina saccata,2
Sphaerophorus fragilis,Sphaerophorus fragilis,0
Sphaerophorus globosus,Sphaerophorus globosus,0
Sphaerophorus sp.,,3
Sphinctrina turbinata,Sphinctrina turbinata,0
Staurothele fissa,Staurothele fissa,0
Stenocybe major,Stenocybe major,0
Stenocybe pullatula,Stenocybe pullatula,0
Stereocaulon alpinum,Stereocaulon alpinum,0
Stereocaulon condensatum,Stereocaulon condensatum,0
Stereocaulon dactylophyllum,Stereocaulon dactylophyllum,0
Stereocaulon glaucescens,Stereocaulon glaucescens,0
Stereocaulon paschale,Stereocaulon paschale,0
Stereocaulon pileatum,Stereocaulon pileatum,0
Stereocaulon saxatile,Stereocaulon saxatile,0
Stereocaulon subcoralloides,Stereocaulon subcoralloides,0
Stereocaulon tomentosum,Stereocaulon tomentosum,0
Stereocaulon vesuvianum,Stereocaulon vesuvianum,0
Thamnolia vermicularis,Thamnolia vermicularis,0
Thelotrema lepadinum,Thelotrema lepadinum,0
Trapelia placodioides,Trapelia placodioides,0
Trapeliopsis flexuosa,Trapeliopsis flexuosa,0
Trapeliopsis granulosa,Trapeliopsis granulosa,0
Tuckermannopsis americana,Tuckermannopsis americana,0
Tuckermannopsis orbata,Tuckermannopsis orbata,0
Tuckermannopsis sepincola,Tuckermannopsis sepincola,0
Tuckermannopsis sp.,,3
Umbilicaria cylindrica,Umbilicaria cylindrica,0
Umbilicaria hyperborea,Umbilicaria hyperborea,0
Umbilicaria mammulata,Umbilicaria mammulata,0
Umbilicaria muhlenbergii,Umbilicaria muhlenbergii,0
Umbilicaria polyphylla,Umbilicaria polyphylla,0
Umbilicaria proboscidea,Umbilicaria proboscidea,0
Umbilicaria torrefacta,Umbilicaria torrefacta,0
Usnea dasypoga (U. filipendula),,3
Usnea longissima (Dolichousnea longissima),,3
Usnea rubicunda,Usnea rubicunda,0
Usnea silesiaca,Usnea silesiaca,0
Usnea sp.,,3
Usnea subfloridana,Usnea subfloridana,0
Varicellaria rhodocarpa,Varicellaria rhodocarpa,0
Verrucaria muralis,Verrucaria muralis,0
Vulpicida juniperinus,Vulpicida juniperinus,0
Vulpicida pinastri,Vulpicida pinastri,0
Xanthoparmelia conspersa,Xanthoparmelia conspersa,0
Xanthoparmelia hypofusca,Xanthoparmelia hypofusca,0
Xanthoparmelia viriduloumbrina,Xanthoparmelia viriduloumbrina,0
Xanthoria candelaria (Polycauliona candelaria),,3
Xanthoria elegans (Rusavskia elegans),,3
Xanthoria parietina,Xanthoria parietina,0
Xylographa abietina,Xylographa abietina,0
Xylographa opegraphella,Xylographa opegraphella,0
Xylographa parallela ,Xylographa parallela,1
Xylographa sp.,,3
Xylographa vitiligo,Xylographa vitiligo,0
Agaricus arvensis,Agaricus arvensis,0
Agaricus bitorquis,Agaricus bitorquis,0
Agaricus campestris,Agaricus campestris,0
Agaricus haemorrhoidarius,Agaricus haemorrhoidarius,0
Agaricus micromegethus,Agaricus micromegethus,0
Agaricus silvaticus,Agaricus silvaticus,0
Agaricus silvicola,Agaricus silvicola,0
Agrocybe erebia,Agrocybe erebia,0
Agrocybe paludosa,Agrocybe paludosa,0
Agrocybe pediades,Agrocybe pediades,0
Albatrellopsis confluens,Albatrellopsis confluens,0
Albatrellus caeruleoporus,Albatrellus caeruleoporus,0
Albatrellus ovinus,Albatrellus ovinus,0
Albatrellus peckianus,Albatrellus peckianus,0
Aleuria aurantia,Aleuria aurantia,0
Aleurodiscus amorphus,Aleurodiscus amorphus,0
Aleurodiscus laurentianus,Aleurodiscus laurentianus,0
Aleurodiscus penicillatus,Aleurodiscus penicillatus,0
Alloclavaria purpurea,Alloclavaria purpurea,0
Alnicola geraniolens,Alnicola geraniolens,0
Alnicola melinoides,Alnicola melinoides,0
Alnicola sphagneti,Alnicola sphagneti,0
Alnicola tantilla,Alnicola tantilla,0
Alpova cinnamomeus,Alpova cinnamomeus,0
Alutaceodontia alutacea,Alutaceodontia alutacea,0
"Amanita ""virosa""",Amanita virosa,2
Amanita albocreata,Amanita albocreata,0
Amanita amerivirosa,Amanita amerivirosa,0
Amanita bisporigera,Amanita bisporigera,0
Amanita brunnescens,Amanita brunnescens,0
Amanita brunnescens var. pallida,Amanita brunnescens var. pallida,0
Amanita ceciliae,Amanita ceciliae,0
Amanita elongata,Amanita elongata,0
Amanita flavoconia,Amanita flavoconia,0
Amanita frostiana,Amanita frostiana,0
Amanita fulva,Amanita fulva,0
Amanita groenlandica,Amanita groenlandica,0
Amanita mortenii,Amanita mortenii,0
Amanita muscaria var. guessowii,Amanita muscaria var. guessowii,0
Amanita nivalis,Amanita nivalis,0
Amanita porphyria,Amanita porphyria,0
Amanita rhacopus,Amanita rhacopus,0
Amanita rubescens,Amanita rubescens,0
Amanita rubescens var. alba,Amanita rubescens var. alba,0
Amanita sinicoflava,Amanita sinicoflava,0
"Amanita sp. ""GRL02""",,3
"Amanita sp. ""NFL02""",,3
"Amanita sp. ""NFL03""",,3
"Amanita sp. ""NFL04""",,3
"Amanita sp. ""NFL05""",,3
"Amanita sp. ""NFL06""",,3
"Amanita sp. ""NFL09""",,3
"Amanita sp. ""NFL10""",,3
"Amanita sp. ""NFL11""",,3
"Amanita sp. ""precocious amanita""",,3
Amanita vaginata,Amanita vaginata,0
Amanita vaginata var. alba,Amanita vaginata var. alba,0
Amanita variicolor,Amanita variicolor,0
Amanita wellsii,Amanita wellsii,0
Amphinema byssoides,Amphinema byssoides,0
Ampulloclitocybe clavipes,Ampulloclitocybe clavipes,0
Amylocorticium subsulphureum,Amylocorticium subsulphureum,0
Amylostereum chailletii,Amylostereum chailletii,0
Anomoporia myceliosa,Anomoporia myceliosa,0
Anthracoidea heterospora ,Anthracoidea heterospora,1
Anthracoidea karii,Anthracoidea karii,0
Anthracoidea laxae,Anthracoidea laxae,0
Antrodia heteromorpha,Antrodia heteromorpha,0
Antrodia serialis,Antrodia serialis,0
Antrodia sitchensis,Antrodia sitchensis,0
Antrodia variiformis,Antrodia variiformis,0
Antrodiella canadensis,Antrodiella canadensis,0
Antrodiella hoehnelii,Antrodiella hoehnelii,0
Antrodiella romellii,Antrodiella romellii,0
Aphroditeola olida,Aphroditeola olida,0
Apiosporina morbosa,Apiosporina morbosa,0
Arcyria incarnata,Arcyria incarnata,0
Armillaria ostoyae,Armillaria ostoyae,0
Armillaria sinapina,Armillaria sinapina,0
Arrhenia acerosa,Arrhenia acerosa,0
Arrhenia auriscalpium,Arrhenia auriscalpium,0
Arrhenia fusconigra,Arrhenia fusconigra,0
Arrhenia griseopallida,Arrhenia griseopallida,0
Arrhenia obatra,Arrhenia obatra,0
Arrhenia obscurata,Arrhenia obscurata,0
Arrhenia onisca,Arrhenia onisca,0
Arrhenia peltigerina,Arrhenia peltigerina,0
Arrhenia philonotis,Arrhenia philonotis,0
Arrhenia retiruga,Arrhenia retiruga,0
Arrhenia rustica,Arrhenia rustica,0
Arrhenia sphagnicola,Arrhenia sphagnicola,0
Arrhenia velutipes,Arrhenia velutipes,0
Ascobolus ciliatus,Ascobolus ciliatus,0
Ascobolus furfuraceus,Ascobolus furfuraceus,0
Ascobolus stercorarius,Ascobolus stercorarius,0
Ascocoryne cylichnium,Ascocoryne cylichnium,0
Ascocoryne sarcoides,Ascocoryne sarcoides,0
Ascocoryne turficola,Ascocoryne turficola,0
Asterophora parasitica,Asterophora parasitica,0
Athelia decipiens,Athelia decipiens,0
Athelia epiphylla,Athelia epiphylla,0
Athelicium sp 1,,3
Athelopsis subinconspicua,Athelopsis subinconspicua,0
Atheniella adonis,Atheniella adonis,0
Atopospora betulina,Atopospora betulina,0
Aurantioporthe corni,Aurantioporthe corni,0
Auricularia americana,Auricularia americana,0
Austroboletus gracilis,Austroboletus gracilis,0
Badhamia lilacina,Badhamia lilacina,0
Baeospora myosura,Baeospora myosura,0
Bankera fuligneo-alba,Bankera fuligineoalba,2
Bankera violascens,Bankera violascens,0
Basidiodendron caesiocinereum,Basidiodendron caesiocinereum,0
Basidioradulum radula,Basidioradulum radula,0
Biscogniauxia repanda,Biscogniauxia repanda,0
Bisporella citrina,Bisporella citrina,0
Bjerkandera adusta,Bjerkandera adusta,0
Bjerkandera fumosa,Bjerkandera fumosa,0
Blasiphalia pseudogrisella,Blasiphalia pseudogrisella,0
Bogbodia uda,Bogbodia uda,0
Boidinia  furfuracea,Boidinia furfuracea,1
Boidinia  propinqua,Boidinia propinqua,1
Bolbitius titubans,Bolbitius titubans,0
Boletopsis grisea,Boletopsis grisea,0
Boletopsis leucomelaena,Boletopsis leucomelaena,0
Boletus calopus,Boletus calopus,0
Boletus edulis,Boletus edulis,0
Boletus huronensis,Boletus huronensis,0
Boletus subtomentosus f. gracilis,Boletus subtomentosus f. gracilis,0
Boletus subvelutipes,Boletus subvelutipes,0
Botryobasidium conspersum,Botryobasidium conspersum,0
Botryobasidium isabellinus,Botryobasidium isabellinum,2
Botryobasidium medium,Botryobasidium medium,0
Botryobasidium subcoronatum,Botryobasidium subcoronatum,0
Botryobasidium vagum,Botryobasidium vagum,0
Botryohypochnus isabellinus,Botryohypochnus isabellinus,0
Bovista nigrescens,Bovista nigrescens,0
Bovista pila,Bovista pila,0
Bovista plumbea,Bovista plumbea,0
Brevicellicium exile,Brevicellicium exile,0
Bryoglossum gracile,Bryoglossum gracile,0
Bryoglossum rhemii,Bryoglossum rehmii,2
Butyiboletus brunneus,Butyriboletus brunneus,2
Byssocorticium pulchrum,Byssocorticium pulchrum,0
Byssonectria terrestris,Byssonectria terrestris,0
Calcipostia (Oligoporus) guttulatus,,3
Callistosporium luteoolivaceum,Callistosporium luteoolivaceum,0
Calocera cornea,Calocera cornea,0
Calocera furcata,Calocera furcata,0
Calocera viscosa,Calocera viscosa,0
Calvatia cretacea,Calvatia cretacea,0
Camarophyllopsis foetens,Camarophyllopsis foetens,0
Cantharellula umbonata,Cantharellula umbonata,0
Cantharellus amethysteus,Cantharellus amethysteus,0
Cantharellus camphoratus,Cantharellus camphoratus,0
Cantharellus enelensis,Cantharellus enelensis,0
Catathelasma imperiale,Catathelasma imperiale,0
Catathelasma ventricosum,Catathelasma ventricosum,0
Ceraceomyces borealis,Ceraceomyces borealis,0
Ceraceomyces eludens,Ceraceomyces eludens,0
Ceraceomyces microsporus,Ceraceomyces microsporus,0
Ceratiomyxa fruticulosa,Ceratiomyxa fruticulosa,0
Cerioporus leptocephalus,Cerioporus leptocephalus,0
Cerioporus scutellata,Cerioporus scutellatus,2
Cerrena unicolor,Cerrena unicolor,0
Chaetosphaeria longiseta,Chaetosphaeria longiseta,0
Chalciporus piperatus,Chalciporus piperatus,0
Chalciporus pseudorubinellus,Chalciporus pseudorubinellus,0
Chalciporus rubinellus,Chalciporus rubinellus,0
Cheilymenia fimicola,Cheilymenia fimicola,0
Cheilymenia stercorea,Cheilymenia stercorea,0
Cheimonophyllum candidissimum,Cheimonophyllum candidissimum,0
Chlorencoelia versiformis,Chlorencoelia versiformis,0
Chlorociboria aeruginascens,Chlorociboria aeruginascens,0
Chlorociboria aeruginosa,Chlorociboria aeruginosa,0
Chondrostereum purpureum,Chondrostereum purpureum,0
Chromosera lilacina,Chromosera lilacina,0
Chroogomphus ochraceus,Chroogomphus ochraceus,0
Chrysomphalina chrysophylla,Chrysomphalina chrysophylla,0
Chrysomyxa arctostaphyli,Chrysomyxa arctostaphyli,0
Chrysomyxa ledi,Chrysomyxa ledi,0
Chrysomyxa ledicola,Chrysomyxa ledicola,0
Chrysomyxa pyrolata,Chrysomyxa pyrolata,0
Chrysomyxa rhododendri,Chrysomyxa rhododendri,0
Chrysomyxa weirii,Chrysomyxa weirii,0
Cinereomyces lindbladii,Cinereomyces lindbladii,0
Cistella acuum,Cistella acuum,0
Cladosporium herbarum,Cladosporium herbarum,0
Claussenomyces atrovirens,Claussenomyces atrovirens,0
Clavaria amoenoides,Clavaria amoenoides,0
Clavaria argillacea,Clavaria argillacea,0
Clavaria falcata,Clavaria falcata,0
Clavaria fragilis,Clavaria fragilis,0
Clavaria fumosa,Clavaria fumosa,0
Clavaria fusiformis,Clavaria fusiformis,0
Clavaria rosea,Clavaria rosea,0
Clavaria rubicundula,Clavaria rubicundula,0
Clavaria sphagnicola,Clavaria sphagnicola,0
Clavaria tenuipes,Clavaria tenuipes,0
Clavaria vermicularis,Clavaria vermicularis,0
Clavariadelphus ligula,Clavariadelphus ligula,0
Clavariadelphus pistillaris,Clavariadelphus pistillaris,0
Clavariadelphus sachalinensis,Clavariadelphus sachalinensis,0
Clavariadelphus truncatus,Clavariadelphus truncatus,0
Claviceps nigricans,Claviceps nigricans,0
Claviceps purpurea,Claviceps purpurea,0
Clavulina cinerea,Clavulina cinerea,0
Clavulina coralloides,Clavulina coralloides,0
Clavulina cristata,Clavulina cristata,0
Clavulina rugosa,Clavulina rugosa,0
Clavulinopsis fusiformis,Clavulinopsis fusiformis,0
Clavulinopsis laeticolor,Clavulinopsis laeticolor,0
Climacocystis borealis,Climacocystis borealis,0
Clitocybe candicans,Clitocybe candicans,0
Clitocybe candicans var. dryadicola,Clitocybe candicans var. dryadicola,0
Clitocybe dealbata,Clitocybe dealbata,0
Clitocybe deceptiva,Clitocybe deceptiva,0
Clitocybe diatreta,Clitocybe diatreta,0
Clitocybe festiva,Clitocybe festiva,0
Clitocybe foetens,Clitocybe foetens,0
Clitocybe globispora,Clitocybe globispora,0
Clitocybe lateritia,Clitocybe lateritia,0
Clitocybe martiorum,Clitocybe martiorum,0
Clitocybe metachroa,Clitocybe metachroa,0
Clitocybe odora,Clitocybe odora,0
Clitocybe phyllophila,Clitocybe phyllophila,0
Clitocybe sinopica,Clitocybe sinopica,0
Clitocybe subalpina,Clitocybe subalpina,0
Clitocybe vibecina,Clitocybe vibecina,0
Clitocybula familia,Clitocybula familia,0
Clitopilus prunulus,Clitopilus prunulus,0
Clitopilus scyphoides var. omphaliformis,Clitopilus scyphoides var. omphaliformis,0
Clitopilus scyphoides var. scyphoides f. reductus,,3
Coleosporium asterum,Coleosporium asterum,0
Coleosporium vernoniae,Coleosporium vernoniae,0
Collybia cirrhata,Collybia cirrhata,0
Collybia cookei,Collybia cookei,0
Collybia tuberosa,Collybia tuberosa,0
Coltricia perennis,Coltricia perennis,0
Conferticium ochraceum,Conferticium ochraceum,0
Coniochaeta velutina,Coniochaeta velutina,0
Coniophora arida,Coniophora arida,0
Coniophora olivacea,Coniophora olivacea,0
Coniophora puteana,Coniophora puteana,0
Connopus acervatus,Connopus acervatus,0
Conocybe apala,Conocybe apala,0
Conocybe filaris,Conocybe filaris,0
Conocybe fimetaria,Conocybe fimetaria,0
Conocybe juniana,Conocybe juniana,0
Conocybe macrospora,Conocybe macrospora,0
Conocybe pilosella,Conocybe pilosella,0
Conocybe semiglobata,Conocybe semiglobata,0
Conocybe semiglobata var. campanulata,Conocybe semiglobata var. campanulata,0
Conocybe striatipes,Conocybe striatipes,0
Conocybe tenera,Conocybe tenera,0
Conocybe watlingii,Conocybe watlingii,0
Coprinellus micaceus,Coprinellus micaceus,0
Coprinopsis atramentaria,Coprinopsis atramentaria,0
Coprinopsis ephemeroides,Coprinopsis ephemeroides,0
Coprinopsis epichloea,Coprinopsis epichloea,0
Coprinopsis nivea,Coprinopsis nivea,0
Coprinopsis parvula,,3
Coprinopsis stercorea,Coprinopsis stercorea,0
Coprinus comatus,Coprinus comatus,0
Coprotus luteus,Coprotus luteus,0
Cortinarius acutus,Cortinarius acutus,0
Cortinarius agathosmus,Cortinarius agathosmus,0
Cortinarius alborufescens,Cortinarius alborufescens,0
Cortinarius albovariegatus,Cortinarius albovariegatus,0
Cortinarius alboviolaceus,Cortinarius alboviolaceus,0
Cortinarius alnetorum,Cortinarius alnetorum,0
Cortinarius alpinus,Cortinarius alpinus,0
Cortinarius americanus,Cortinarius americanus,0
Cortinarius angelesianus,Cortinarius angelesianus,0
Cortinarius anisochrous,Cortinarius anisochrous,0
Cortinarius anomalellus,Cortinarius anomalellus,0
Cortinarius anomalus,Cortinarius anomalus,0
Cortinarius argutus,Cortinarius argutus,0
Cortinarius armeniacus,Cortinarius armeniacus,0
Cortinarius armillatus,Cortinarius armillatus,0
Cortinarius atrocaeruleus,Cortinarius atrocaeruleus,0
Cortinarius aureofulvus,Cortinarius aureofulvus,0
Cortinarius badiovinaceus,Cortinarius badiovinaceus,0
Cortinarius balaustinus,Cortinarius balaustinus,0
Cortinarius balteatus,Cortinarius balteatus,0
Cortinarius bataillei,Cortinarius bataillei,0
Cortinarius bibulus,Cortinarius bibulus,0
Cortinarius biformis,Cortinarius biformis,0
Cortinarius bivelus,Cortinarius bivelus,0
Cortinarius bolaris,Cortinarius bolaris,0
Cortinarius brunneus,Cortinarius brunneus,0
Cortinarius bulbosus,Cortinarius bulbosus,0
Cortinarius caesiobrunneus,Cortinarius caesiobrunneus,0
Cortinarius callisteus,Cortinarius callisteus,0
Cortinarius camphoratus,Cortinarius camphoratus,0
Cortinarius caninus,Cortinarius caninus,0
Cortinarius caperatus,Cortinarius caperatus,0
Cortinarius casimiri,Cortinarius casimiri,0
Cortinarius chrysolitus,Cortinarius chrysolitus,0
Cortinarius cinnabarius,Cortinarius cinnabarinus,2
Cortinarius cinnamomeus,Cortinarius cinnamomeus,0
Cortinarius claricolor,Cortinarius claricolor,0
Cortinarius clarobrunneus,Cortinarius clarobrunneus,0
Cortinarius collinitus,Cortinarius collinitus,0
Cortinarius colus,Cortinarius colus,0
Cortinarius corrugis,Cortinarius corrugis,0
Cortinarius crassus,Cortinarius crassus,0
Cortinarius croceofolius,Cortinarius croceifolius,2
Cortinarius croceus,Cortinarius croceus,0
Cortinarius decipiens,Cortinarius decipiens,0
Cortinarius decipiens var. atrocoeruleus,Cortinarius decipiens var. atrocoeruleus,0
Cortinarius delibutus,Cortinarius delibutus,0
Cortinarius depressus,Cortinarius depressus,0
Cortinarius diasemospermus,Cortinarius diasemospermus,0
Cortinarius diasemospermus var. leptospermus,Cortinarius diasemospermus var. leptospermus,0
Cortinarius disjungendus,Cortinarius disjungendus,0
Cortinarius emunctus,Cortinarius emunctus,0
Cortinarius erubescens,Cortinarius erubescens,0
Cortinarius erugatus,Cortinarius erugatus,0
Cortinarius evernius,Cortinarius evernius,0
Cortinarius fasciatus,Cortinarius fasciatus,0
Cortinarius favrei,Cortinarius favrei,0
Cortinarius fennoscandicus,Cortinarius fennoscandicus,0
Cortinarius fervidus,Cortinarius fervidus,0
Cortinarius flexipes var. flabellus,Cortinarius flexipes var. flabellus,0
Cortinarius flexipes var. flexipes,Cortinarius flexipes var. flexipes,0
Cortinarius flexipes var. inolens,Cortinarius flexipes var. inolens,0
Cortinarius flos-paludis,Cortinarius flos-paludis,0
Cortinarius fragrans,Cortinarius fragrans,0
Cortinarius fulvescens,Cortinarius fulvescens,0
Cortinarius fulvo-ochrascens,Cortinarius fulvo-ochrascens,0
Cortinarius furvolaesus,Cortinarius furvolaesus,0
Cortinarius gentilis,Cortinarius gentilis,0
Cortinarius glandicolor,Cortinarius glandicolor,0
Cortinarius glaucopus,Cortinarius glaucopus,0
Cortinarius grosmorneensis,Cortinarius grosmorneensis,0
Cortinarius helvelloides,Cortinarius helvelloides,0
Cortinarius hemitrichus,Cortinarius hemitrichus,0
Cortinarius hercynicus,Cortinarius hercynicus,0
Cortinarius heterocyclus,Cortinarius heterocyclus,0
Cortinarius hinnuleus f. subtypicus,Cortinarius hinnuleus f. subtypicus,0
Cortinarius huronensis,Cortinarius huronensis,0
Cortinarius illuminus,Cortinarius illuminus,0
Cortinarius imbutus,Cortinarius imbutus,0
Cortinarius impennis,Cortinarius impennis,0
Cortinarius incisus ,Cortinarius incisus,1
Cortinarius incognitus,Cortinarius incognitus,0
Cortinarius infractus,Cortinarius infractus,0
Cortinarius ionophyllus,Cortinarius ionophyllus,0
Cortinarius jubarinus,Cortinarius jubarinus,0
Cortinarius junghuhnii,Cortinarius junghuhnii,0
Cortinarius laetissimus,Cortinarius laetissimus,0
Cortinarius laniger,Cortinarius laniger,0
Cortinarius lepidopus,Cortinarius lepidopus,0
Cortinarius leucophanes,Cortinarius leucophanes,0
Cortinarius lilacinus,Cortinarius lilacinus,0
Cortinarius limonius,Cortinarius limonius,0
Cortinarius lucorum,Cortinarius lucorum,0
Cortinarius luteo-ornatus,Cortinarius luteo-ornatus,0
Cortinarius malachius,Cortinarius malachius,0
Cortinarius malicorius,Cortinarius malicorius,0
Cortinarius mucifluus,Cortinarius mucifluus,0
Cortinarius mucosus,Cortinarius mucosus,0
Cortinarius multiformis,Cortinarius multiformis,0
Cortinarius muscigenus,Cortinarius muscigenus,0
Cortinarius neocallisteus,Cortinarius neocallisteus,0
Cortinarius obtusus,Cortinarius obtusus,0
Cortinarius ochrophyllus,Cortinarius ochrophyllus,0
Cortinarius olivaceofuscus,Cortinarius olivaceofuscus,0
Cortinarius paragaudis,Cortinarius paragaudis,0
Cortinarius paragaudis ssp. oenochelis,Cortinarius paragaudis subsp. oenochelis,2
Cortinarius parvannulatus,Cortinarius parvannulatus,0
Cortinarius pellstonianus,Cortinarius pellstonianus,0
Cortinarius percomis,Cortinarius percomis,0
Cortinarius phaeopygmaeus,Cortinarius phaeopygmaeus,0
Cortinarius pholideus,Cortinarius pholideus,0
Cortinarius pilatii,Cortinarius pilatii,0
Cortinarius pluvius,Cortinarius pluvius,0
Cortinarius polaris,Cortinarius polaris,0
Cortinarius porphyropus,Cortinarius porphyropus,0
Cortinarius praestigiosus,Cortinarius praestigiosus,0
Cortinarius privignoides,Cortinarius privignoides,0
Cortinarius psammocephalus,Cortinarius psammocephalus,0
Cortinarius purpurascens,Cortinarius purpurascens,0
Cortinarius quarciticus,Cortinarius quarciticus,0
Cortinarius raphanoides,Cortinarius raphanoides,0
Cortinarius renidens,Cortinarius renidens,0
Cortinarius rubellus,Cortinarius rubellus,0
Cortinarius rusticus,Cortinarius rusticus,0
Cortinarius saginus,Cortinarius saginus,0
Cortinarius sanguineus,Cortinarius sanguineus,0
Cortinarius saturninus,Cortinarius saturninus,0
Cortinarius scaurus,Cortinarius scaurus,0
Cortinarius scaurus var. sphagnophilus,Cortinarius scaurus var. sphagnophilus,0
Cortinarius scutulatus,Cortinarius scutulatus,0
Cortinarius semisanguineus,Cortinarius semisanguineus,0
Cortinarius semivestitus,Cortinarius semivestitus,0
Cortinarius septentrionalis,Cortinarius septentrionalis,0
Cortinarius sertipes,Cortinarius sertipes,0
Cortinarius solis-occasus,Cortinarius solis-occasus,0
Cortinarius sommerfeltii,Cortinarius sommerfeltii,0
Cortinarius sphagnophilus,Cortinarius sphagnophilus,0
Cortinarius spilomeus,Cortinarius spilomeus,0
Cortinarius stemmatus,Cortinarius stemmatus,0
Cortinarius stillatitius,Cortinarius stillatitius,0
Cortinarius subcroceofolius,Cortinarius subcroceofolius,0
Cortinarius suberi,Cortinarius suberi,0
Cortinarius subtortus,Cortinarius subtortus,0
Cortinarius tofaceus,Cortinarius tofaceus,0
Cortinarius tortuosus,Cortinarius tortuosus,0
Cortinarius traganus,Cortinarius traganus,0
Cortinarius triformis,Cortinarius triformis,0
Cortinarius trivialis,Cortinarius trivialis,0
Cortinarius tubarius,Cortinarius tubarius,0
Cortinarius turmalis,Cortinarius turmalis,0
Cortinarius uliginosus,Cortinarius uliginosus,0
Cortinarius umbrinolens,Cortinarius umbrinolens,0
Cortinarius valgus,Cortinarius valgus,0
Cortinarius varius,Cortinarius varius,0
Cortinarius venetus,Cortinarius venetus,0
Cortinarius venustus,Cortinarius venustus,0
Cortinarius vespertinus,Cortinarius vespertinus,0
Cortinarius vibratilis,Cortinarius vibratilis,0
Cortinarius violaceus,Cortinarius violaceus,0
Coryne dubia,Coryne dubia,0
Cotylidia undulata,Cotylidia undulata,0
Craterellus lutescens,Craterellus lutescens,0
Craterellus tubaeformis,Craterellus tubaeformis,0
Crepidotus calolepis,Crepidotus calolepis,0
Crepidotus cesatii,Crepidotus cesatii,0
Crepidotus versutus,Crepidotus versutus,0
Cribaria cancellata,Cribraria cancellata,2
Crinipellis setipes,Crinipellis setipes,0
Crocicreas coronatum,Crocicreas coronatum,0
Crucibulum laeve,Crucibulum laeve,0
Cryptodiaporthe corni,Cryptodiaporthe corni,0
Cudonia circinans,Cudonia circinans,0
Cudonia confusa,Cudonia confusa,0
Cudonia lutea,Cudonia lutea,0
Cuphophyllus borealis,Cuphophyllus borealis,0
Cuphophyllus cinerellus,Cuphophyllus cinerellus,0
Cuphophyllus colemannianus,Cuphophyllus colemannianus,0
Cuphophyllus lacmus,Cuphophyllus lacmus,0
Cuphophyllus pratensis,Cuphophyllus pratensis,0
Cuphophyllus virgineus,Cuphophyllus virgineus,0
Cyanosporus livens,Cyanosporus livens,0
Cyathicula coronata,Cyathicula coronata,0
Cyathus olla,Cyathus olla,0
Cylindrobasidium evolvens,Cylindrobasidium evolvens,0
Cystobasidium hypogymniicola,Cystobasidium hypogymniicola,0
Cystoderma amianthinum,Cystoderma amianthinum,0
Cystoderma jasonis,Cystoderma jasonis,0
Cystodermella cinnabarina,Cystodermella cinnabarina,0
Cystodermella granulosa,Cystodermella granulosa,0
Cystolepiota seminuda,Cystolepiota seminuda,0
Cytidia salicina,Cytidia salicina,0
Cytospora nivea,Cytospora nivea,0
Dacrymyces chrysocomus,Dacrymyces chrysocomus,0
Dacrymyces chrysospermus,Dacrymyces chrysospermus,0
Dacrymyces lacrymalis,Dacrymyces lacrymalis,0
Dacrymyces stillatus,Dacrymyces stillatus,0
Dacrymyces tortus,Dacrymyces tortus,0
Dacryobolus sudans,Dacryobolus sudans,0
Daedaleopsis confragosa,Daedaleopsis confragosa,0
Daldinia childiae,Daldinia childiae,0
Dasyscyphus virgineus,Dasyscyphus virgineus,0
Datronia mollis,Datronia mollis,0
Datronia scutellata,Datronia scutellata,0
Datroniella scutellata,Datroniella scutellata,0
Deconica montana,Deconica montana,0
Dermea cerasi,Dermea cerasi,0
Diatrype bullata,Diatrype bullata,0
Diatrype stigma,Diatrype stigma,0
Dictyophora duplicata,Dictyophora duplicata,0
Didymium clavus,Didymium clavus,0
Didymium iridis,Didymium iridis,0
Didymium melanospermum,Didymium melanospermum,0
Didymium minus,Didymium minus,0
Didymium squamulosum,Didymium squamulosum,0
Diplomitoporus crustulinus,Diplomitoporus crustulinus,0
Diplomitoporus lindbladii,Diplomitoporus lindbladii,0
Diplomitosporus lenis,Diplomitoporus lenis,2
Elaphocordyceps ophioglossoides,Elaphocordyceps ophioglossoides,0
Elaphomyces asperulus,Elaphomyces asperulus,0
Elaphomyces muricatus,Elaphomyces muricatus,0
Eleutheromyces subulatus,Eleutheromyces subulatus,0
Encoelia furfuracea,Encoelia furfuracea,0
Endogone pisiformis,Endogone pisiformis,0
"Entoloma ""NA bloxamii""",,3
Entoloma abortivum,Entoloma abortivum,0
Entoloma alpicolua,Entoloma alpicola,2
Entoloma bicolor,Entoloma bicolor,0
Entoloma caeruleopolitum,Entoloma caeruleopolitum,0
Entoloma carbonicola,Entoloma carbonicola,0
Entoloma cetratum,Entoloma cetratum,0
Entoloma coeruleoflocculosum,Entoloma coeruleoflocculosum,0
Entoloma conicum,Entoloma conicum,0
Entoloma cuniculorum,Entoloma cuniculorum,0
Entoloma cuspidiferum,Entoloma cuspidiferum,0
Entoloma elodes,Entoloma elodes,0
Entoloma formosum,Entoloma formosum,0
Entoloma fumosobrunneum,Entoloma fumosobrunneum,0
Entoloma fuscomarginatum,Entoloma fuscomarginatum,0
Entoloma fuscotomentosum,Entoloma fuscotomentosum,0
Entoloma hebes,Entoloma hebes,0
Entoloma incanum,Entoloma incanum,0
Entoloma incognitum,Entoloma incognitum,0
Entoloma infula,Entoloma infula,0
Entoloma jubatum,Entoloma jubatum,0
Entoloma lagenicystis,Entoloma lagenicystis,0
Entoloma lepiotosmus,Entoloma lepiotosmus,0
Entoloma lividocyanulum,Entoloma lividocyanulum,0
Entoloma longistriatum,Entoloma longistriatum,0
Entoloma luridum,Entoloma luridum,0
Entoloma luteum,Entoloma luteum,0
Entoloma majaloides,Entoloma majaloides,0
Entoloma mutabilipes,Entoloma mutabilipes,0
Entoloma pallescens,Entoloma pallescens,0
Entoloma papillatum,Entoloma papillatum,0
Entoloma pseudoprunuloides,Entoloma pseudoprunuloides,0
Entoloma quadratum,Entoloma quadratum,0
Entoloma rhodocylix,Entoloma rhodocylix,0
Entoloma rhodopolium var. nidorosum,Entoloma rhodopolium var. nidorosum,0
Entoloma rhodopolium var. rhodopolium,Entoloma rhodopolium var. rhodopolium,0
Entoloma scabropellis,Entoloma scabropellis,0
Entoloma sericatum,Entoloma sericatum,0
Entoloma sericellum,Entoloma sericellum,0
Entoloma sericeum,Entoloma sericeum,0
Entoloma serrulatum,Entoloma serrulatum,0
"Entoloma sp. ""dune entoloma""",,3
"Entoloma sp. ""marginate""",,3
Entoloma strictius,Entoloma strictius,0
Entoloma strictius var. isabellinum,Entoloma strictius var. isabellinum,0
Entoloma strictum,Entoloma strictum,0
Entoloma subsepiaceum,Entoloma subsepiaceum,0
Entoloma subserrulatum,Entoloma subserrulatum,0
Entoloma subsinuatum,Entoloma subsinuatum,0
Entoloma turbidum,Entoloma turbidum,0
Entoloma turci,Entoloma turci,0
Entoloma violaceum,Entoloma violaceum,0
Entoloma xanthoserrulatum,Entoloma xanthoserrulatum,0
Entomophthora muscae,Entomophthora muscae,0
Erysiphe aggregata,Erysiphe aggregata,0
Erysiphe aquilegiae var. ranunculi,Erysiphe aquilegiae var. ranunculi,0
Erysiphe polygoni,Erysiphe polygoni,0
Erysiphe trifolii,Erysiphe trifolii,0
Erysiphe vaccinii,Erysiphe vaccinii,0
Exidia glandulosa,Exidia glandulosa,0
Exidia nigricans,Exidia nigricans,0
Exidia nucleata,Exidia nucleata,0
Exidia pithya,Exidia pithya,0
Exidia recisa,Exidia recisa,0
Exidia saccharina,Exidia saccharina,0
Exidiopsis calcea,Exidiopsis calcea,0
Exobasidium canadense,Exobasidium canadense,0
Exobasidium cassandrae,Exobasidium cassandrae,0
Exobasidium juelianum,Exobasidium juelianum,0
Exobasidium karstenii,Exobasidium karstenii,0
Exobasidium ledi,Exobasidium ledi,0
Exobasidium oxycocci,Exobasidium oxycocci,0
Exobasidium rhododendri,Exobasidium rhododendri,0
Exobasidium savilei,Exobasidium savilei,0
Exobasidium splendidum,Exobasidium splendidum,0
Exobasidium vaccinii,Exobasidium vaccinii,0
Exobasidium vaccinii-uliginosi,Exobasidium vaccinii-uliginosi,0
Fayodia anthracobia,Fayodia anthracobia,0
Femsjonia peziziformis,Femsjonia peziziformis,0
Fibrodontia gossypina,Fibrodontia gossypina,0
Flammula alnicola,Flammula alnicola,0
Flavophlebia sulphureoisabellina,Flavophlebia sulfureoisabellina,2
Fomes fomentarius,Fomes fomentarius,0
Fomitiporia punctata,Fomitiporia punctata,0
Fomitopsis cajanderi,Fomitopsis cajanderi,0
Fomitopsis mounceae,Fomitopsis mounceae,0
Fomitopsis ochracea,Fomitopsis ochracea,0
Fomitopsis pinicola,Fomitopsis pinicola,0
Fomitopsis rosea,Fomitopsis rosea,0
Fuligo cinerea,Fuligo cinerea,0
Fuligo septica,Fuligo septica,0
Fuscoboletinus weaverae,Fuscoboletinus weaverae,0
Galerina atkinsoniana,Galerina atkinsoniana,0
Galerina calyptrata,Galerina calyptrata,0
Galerina hybrida,Galerina hybrida,0
Galerina hypnorum,Galerina hypnorum,0
Galerina leptocystis,Galerina leptocystis,0
Galerina marginata,Galerina marginata,0
Galerina mniophila,Galerina mniophila,0
Galerina paludosa,Galerina paludosa,0
Galerina sphagnicola,Galerina sphagnicola,0
Galerina sphagnorum,Galerina sphagnorum,0
Galerina stagnina,Galerina stagnina,0
Galerina tibiicystis,Galerina tibiicystis,0
Galerina triscopa,Galerina triscopa,0
Galerina uncialis,Galerina uncialis,0
Galerina vittiformis f.  tetraspora,Galerina vittiformis f. tetraspora,1
Galerina vittiformis f. bispora,Galerina vittiformis f. bispora,0
Ganoderma applanatum,Ganoderma applanatum,0
Geoglossum cookeianum,Geoglossum cookeianum,0
Geoglossum glabrum,Geoglossum glabrum,0
Geoglossum umbratile,Geoglossum umbratile,0
Geopyxis carbonaria,Geopyxis carbonaria,0
Gerhardtia leucopaxilloides,Gerhardtia leucopaxilloides,0
Gliophorus irrigatus,Gliophorus irrigatus,0
Gliophorus laetus,Gliophorus laetus,0
Gliophorus laetus var. flavus,Gliophorus laetus var. flavus,0
Gliophorus psittacinus,Gliophorus psittacinus,0
Globulicium hiemale,Globulicium hiemale,0
Gloeocystidiellum leucoxanthum,Gloeocystidiellum leucoxanthum,0
Gloeocystidiellum porosum,Gloeocystidiellum porosum,0
Gloeodontia subasperispora,Gloeodontia subasperispora,0
Gloeophyllum protractum,Gloeophyllum protractum,0
Gloeophyllum sepiarium,Gloeophyllum sepiarium,0
Gloeoporus taxicola,Gloeoporus taxicola,0
Gloiodon strigosus,Gloiodon strigosus,0
Gloiothele citrina,Gloiothele citrina,0
Gloiothele lactescens,Gloiothele lactescens,0
Gloioxanthomyces nitidus,Gloioxanthomyces nitidus,0
Golovinomyces asterum var. asterum,Golovinomyces asterum var. asterum,0
Golovinomyces asterum var. solidaginis,Golovinomyces asterum var. solidaginis,0
Golovinomyces depressus,Golovinomyces depressus,0
Golovinomyces sordidus,Golovinomyces sordidus,0
Gomphidius borealis,Gomphidius borealis,0
Gomphidius glutinosus,Gomphidius glutinosus,0
Gomphidius maculatus,Gomphidius maculatus,0
Gomphus clavatus,Gomphus clavatus,0
Guepiniopsis alpina,Guepiniopsis alpina,0
Gymnopilus bellulus,Gymnopilus bellulus,0
Gymnopilus junonius,Gymnopilus junonius,0
Gymnopilus penetrans,Gymnopilus penetrans,0
Gymnopilus picreus,Gymnopilus picreus,0
Gymnopilus sapineus,Gymnopilus sapineus,0
Gymnopus acervatus,Gymnopus acervatus,0
Gymnopus alpinus,Gymnopus alpinus,0
Gymnopus (Marasmius) androsaceus,,3
Gymnopus brunneolus comb. prov.,,3
Gymnopus confluens,Gymnopus confluens,0
Gymnopus dryophilus,Gymnopus dryophilus,0
Gymnopus eneficola,Gymnopus eneficola,0
Gymnopus impudicus,Gymnopus impudicus,0
Gymnopus lachnophyllus,Gymnopus lachnophyllus,0
Gymnopus loiseleuriatorum,Gymnopus loiseleurietorum,2
Gymnopus obscurus,Gymnopilus obscurus,2
Gymnopus ocior,Gymnopus ocior,0
Gymnopus peronatus,Gymnopus peronatus,0
Gymnopus striatipes,Gymnopus striatipes,0
Gymnosporangium claviceps,Gymnosporangium clavipes,2
Gymnosporangium cornutum,Gymnosporangium cornutum,0
Gymnosporangium nidus-avis,Gymnosporangium nidus-avis,0
Gyroflexus brevibasidiatus,Gyroflexus brevibasidiatus,0
Gyromitra ambigua,Gyromitra ambigua,0
Gyroporus cyanescens,Gyroporus cyanescens,0
Hapalopilus rutilans,Hapalopilus rutilans,0
Harrya chromapes,Harrya chromapes,0
Hebeloma calvinii,Hebeloma calvinii,0
Hebeloma candidipes,Hebeloma candidipes,0
Hebeloma dunense,Hebeloma dunense,0
Hebeloma geminatum,Hebeloma geminatum,0
Hebeloma hiemale,Hebeloma hiemale,0
Hebeloma incarnatulum,Hebeloma incarnatulum,0
Hebeloma marginatulum,Hebeloma marginatulum,0
Hebeloma mesophaeum,Hebeloma mesophaeum,0
Hebeloma minus,Hebeloma minus,0
Hebeloma naviculosporum,Hebeloma naviculosporum,0
Hebeloma oreophilum,Hebeloma oreophilum,0
Hebeloma sp. a,,3
Hebeloma velutipes,Hebeloma velutipes,0
Helminthosphaeria clavariarum,Helminthosphaeria clavariarum,0
Helotium clavus,Helotium clavus,0
Helvella corium,Helvella corium,0
Helvella crispa,Helvella crispa,0
Helvella elastica,Helvella elastica,0
Helvella lacunosa,Helvella lacunosa,0
Helvella macropus,Helvella macropus,0
Helvella phlebophora,Helvella phlebophora,0
Helvella sulcata,Helvella sulcata,0
Hemileccinum subglabripes,Hemileccinum subglabripes,0
Hemimycena gracilis,Hemimycena gracilis,0
Hemimycena lactea,Hemimycena lactea,0
Hemimycena pseudolactea,Hemimycena pseudolactea,0
Hemipholiota populnea var. edmundii,,3
Hemitrichia clavata,Hemitrichia clavata,0
Henningsomyces candidus,Henningsomyces candidus,0
Hericium coralloides,Hericium coralloides,0
Heyderia abietis,Heyderia abietis,0
Hohenbuehelia fluxilis,Hohenbuehelia fluxilis,0
Hohenbuehelia petaloides,Hohenbuehelia petaloides,0
Hohenbuehelia reniformis,Hohenbuehelia reniformis,0
Hohenbuehelia tremula,Hohenbuehelia tremula,0
Humaria hemisphaerica,Humaria hemisphaerica,0
Humidicutis marginata,Humidicutis marginata,0
Humidicutis marginata var. concolor,Humidicutis marginata var. concolor,0
Humidicutis marginata var. olivacea,Humidicutis marginata var. olivacea,0
Humidicutis pura,Humidicutis pura,0
Hyaloscypha albohyalina,Hyaloscypha albohyalina,0
Hydnellum aurantiacum,Hydnellum aurantiacum,0
Hydnellum caeruleum,Hydnellum caeruleum,0
Hydnellum concrescens,Hydnellum concrescens,0
Hydnellum ferrugineum,Hydnellum ferrugineum,0
Hydnellum frondosum,Hydnellum frondosum,0
Hydnellum geogenium,Hydnellum geogenium,0
Hydnellum multiceps,Hydnellum multiceps,0
Hydnellum peckii,Hydnellum peckii,0
Hydnellum pineticola,Hydnellum pineticola,0
Hydnellum scrobiculatum,Hydnellum scrobiculatum,0
Hydnellum suaveolens,Hydnellum suaveolens,0
Hydnellum velutinum var. spongiosipes,Hydnellum velutinum var. spongiosipes,0
Hydnophlebia chrysorhiza,Hydnophlebia chrysorhiza,0
Hydnoporia tabacina,Hydnoporia tabacina,0
Hydnotrya cubispora,Hydnotrya cubispora,0
Hydnum albidum,Hydnum albidum,0
"Hydnum ""repandum var. album""",Hydnum repandum var. album,2
"Hydnum ""repandum""",Hydnum repandum,2
Hydnum albomagnum,Hydnum albomagnum,0
Hydnum neorepandum,Hydnum neorepandum,0
Hydnum quebecense,Hydnum quebecense,0
Hydnum rufescens,Hydnum rufescens,0
Hydnum umbilicatum,Hydnum umbilicatum,0
Hydropus marginellus,Hydropus marginellus,0
Hygrocybe acutoconica,Hygrocybe acutoconica,0
Hygrocybe aurantiosplendens,Hygrocybe aurantiosplendens,0
Hygrocybe cantharellus,Hygrocybe cantharellus,0
Hygrocybe ceracea,Hygrocybe ceracea,0
Hygrocybe chlorophana,Hygrocybe chlorophana,0
Hygrocybe coccinea,Hygrocybe coccinea,0
Hygrocybe coccineocrenata,Hygrocybe coccineocrenata,0
Hygrocybe conica,Hygrocybe conica,0
Hygrocybe conica var. chloroides,Hygrocybe conica var. chloroides,0
Hygrocybe conica var. conicopalustris,Hygrocybe conica var. conicopalustris,0
Hygrocybe helobia,Hygrocybe helobia,0
Hygrocybe insipida,Hygrocybe insipida,0
Hygrocybe jackmanii,Hygrocybe jackmanii,0
Hygrocybe miniata,Hygrocybe miniata,0
Hygrocybe miniata var. mollis,Hygrocybe miniata var. mollis,0
Hygrocybe phaeococcinea,Hygrocybe phaeococcinea,0
Hygrocybe punicea,Hygrocybe punicea,0
Hygrocybe reidii,Hygrocybe reidii,0
Hygrocybe singeri var. albifolia,Hygrocybe singeri var. albifolia,0
Hygrocybe squamulosa,Hygrocybe squamulosa,0
Hygrocybe substrangulata var. rhodophylla,Hygrocybe substrangulata var. rhodophylla,0
Hygrocybe tahquamenonensis,Hygrocybe tahquamenonensis,0
Hygrocybe turunda,Hygrocybe turunda,0
Hygrocybe turunda var. sphagnophila,Hygrocybe turunda var. sphagnophila,0
Hygrophoropsis aurantiaca,Hygrophoropsis aurantiaca,0
Hygrophoropsis aurantiaca var. albida,Hygrophoropsis aurantiaca var. pallida,2
Hygrophoropsis rufa,Hygrophoropsis rufa,0
Hygrophorus agathosmus,Hygrophorus agathosmus,0
Hygrophorus camarophyllus,Hygrophorus camarophyllus,0
Hygrophorus chrysodon,Hygrophorus chrysodon,0
Hygrophorus discoideus,Hygrophorus discoideus,0
Hygrophorus eburneus,Hygrophorus eburneus,0
Hygrophorus erubescens,Hygrophorus erubescens,0
Hygrophorus gliocyclus,Hygrophorus gliocyclus,0
Hygrophorus inocybiformis,Hygrophorus inocybiformis,0
Hygrophorus monticola,Hygrophorus monticola,0
Hygrophorus olivaceoalbus,Hygrophorus olivaceoalbus,0
Hygrophorus piceae,Hygrophorus piceae,0
Hygrophorus pudorinus,Hygrophorus pudorinus,0
Hygrophorus purpurascens,Hygrophorus purpurascens,0
Hygrophorus russula,Hygrophorus russula,0
Hygrophorus secretanii,Hygrophorus secretanii,0
Hygrophorus speciosus,Hygrophorus speciosus,0
Hymenochaete cinnamomea,Hymenochaete cinnamomea,0
Hymenochaete fuliginosa,Hymenochaete fuliginosa,0
Hymenochaete rubiginosa,Hymenochaete rubiginosa,0
Hymenochaetopsis tabacina,Hymenochaetopsis tabacina,0
Hymenoscyphus alniellus,Hymenoscyphus alniellus,0
Hymenoscyphus calyculus,Hymenoscyphus calyculus,0
Hymenoscyphus imberbis,Hymenoscyphus imberbis,0
Hymenoscyphus lutescens,Hymenoscyphus lutescens,0
Hymenoscyphus perilis,Hymenoscyphus parilis,2
Hymenoscyphus repandus,Hymenoscyphus repandus,0
Hymenoscyphus scutula,Hymenoscyphus scutula,0
Hyphoderma argillaceum,Hyphoderma argillaceum,0
Hyphoderma sambuci,Hyphoderma sambuci,0
Hyphoderma setigerum,Hyphoderma setigerum,0
Hyphoderma sibiricum,Hyphoderma sibiricum,0
Hyphodontia alutaria,Hyphodontia alutaria,0
Hyphodontia arguta,Hyphodontia arguta,0
Hyphodontia borealis,Hyphodontia borealis,0
Hyphodontia breviseta,Hyphodontia breviseta,0
Hyphodontia crustosa,Hyphodontia crustosa,0
Hyphodontia hastata,Hyphodontia hastata,0
Hyphodontia pallidula,Hyphodontia pallidula,0
Hyphodontia quercina,Hyphodontia quercina,0
Hyphodontia rimosissima,Hyphodontia rimosissima,0
Hyphodontia spathulata,Hyphodontia spathulata,0
Hyphodontia subalutacea,Hyphodontia subalutacea,0
Hypholoma capnoides,Hypholoma capnoides,0
Hypholoma dispersum,Hypholoma dispersum,0
Hypholoma elongatum,Hypholoma elongatum,0
Hypholoma ericaeum,Hypholoma ericaeum,0
Hypholoma eximium,Hypholoma eximium,0
Hypholoma fasciculare,Hypholoma fasciculare,0
Hypholoma marginatum,Hypholoma marginatum,0
Hypholoma myosotis,Hypholoma myosotis,0
Hypholoma polytrichi,Hypholoma polytrichi,0
Hypholoma radicosum,Hypholoma radicosum,0
Hypholoma subericaeum,Hypholoma subericaeum,0
Hypholoma sublateritium,Hypholoma sublateritium,0
Hypochnicium albostramineum,Hypochnicium albostramineum,0
Hypochnicium cremicolor,Hypochnicium cremicolor,0
Hypochnicium punctulatum,Hypochnicium punctulatum,0
Hypocrea leucopus,Hypocrea leucopus,0
Hypocrea pulvinata,Hypocrea pulvinata,0
Hypomyces armeniacus,Hypomyces armeniacus,0
Hypomyces chrysospermus,Hypomyces chrysospermus,0
Hypomyces hyalinus,Hypomyces hyalinus,0
Hypomyces lactifluorum,Hypomyces lactifluorum,0
Hypomyces lateritius,Hypomyces lateritius,0
Hypomyces leotiicola,Hypomyces leotiicola,0
Hypomyces luteovirens,Hypomyces luteovirens,0
Hypomyces microspermus,Hypomyces microspermus,0
Hypomyces papulasporae var. americanus,Hypomyces papulasporae var. americanus,0
Hypomyces torminosus,Hypomyces torminosus,0
Hypomyces viridilutescens,,3
Hypoxylon fragiforme,Hypoxylon fragiforme,0
Hypoxylon fuscum,Hypoxylon fuscum,0
Hypoxylon rubiginosum,Hypoxylon rubiginosum,0
Hypsizygus marmoreus,Hypsizygus marmoreus,0
Imleria badia,Imleria badia,0
Immersiella immersa,Immersiella immersa,0
Infundibulicybe gibba,Infundibulicybe gibba,0
Infundibulicybe gigas,Infundibulicybe gigas,0
Infundibulicybe squamulosa,Infundibulicybe squamulosa,0
Inocybe asterospora,Inocybe asterospora,0
Inocybe calamistrata,Inocybe calamistrata,0
Inocybe castanea,Inocybe castanea,0
Inocybe comatella,Inocybe comatella,0
Inocybe dulcamara,Inocybe dulcamara,0
Inocybe egenula,Inocybe egenula,0
Inocybe ericetorum,Inocybe ericetorum,0
Inocybe fastigiata,Inocybe fastigiata,0
Inocybe flocculosa,Inocybe flocculosa,0
Inocybe fraudans,Inocybe fraudans,0
Inocybe fraudans var. chamaesalicis,Inocybe fraudans var. chamaesalicis,0
Inocybe fuscodisca,Inocybe fuscodisca,0
Inocybe fuscomarginata,Inocybe fuscomarginata,0
Inocybe geophylla,Inocybe geophylla,0
Inocybe gymnocarpa,Inocybe gymnocarpa,0
Inocybe hystrix,Inocybe hystrix,0
Inocybe lacera,Inocybe lacera,0
Inocybe lanuginosa,Inocybe lanuginosa,0
Inocybe leptophylla,Inocybe leptophylla,0
Inocybe leucoblema,Inocybe leucoblema,0
Inocybe lilacina,Inocybe lilacina,0
Inocybe longispora,Inocybe longispora,0
Inocybe microspora,Inocybe microspora,0
Inocybe mixtilis,Inocybe mixtilis,0
Inocybe napipes,Inocybe napipes,0
Inocybe perbrevia,Inocybe perbrevis,2
Inocybe petiginosa,Inocybe petiginosa,0
Inocybe phaeodisca,Inocybe phaeodisca,0
Inocybe rimosa,Inocybe rimosa,0
Inocybe rufoalba,Inocybe rufoalba,0
Inocybe soluta,Inocybe soluta,0
Inocybe sororia,Inocybe sororia,0
Inocybe splendens,Inocybe splendens,0
Inocybe stellatospora,Inocybe stellatospora,0
Inocybe subcarpta,Inocybe subcarpta,0
Inocybe tahquamenonensis,Inocybe tahquamenonensis,0
Inocybe teraturga,Inocybe teraturgus,2
Inocybe terrigena,Inocybe terrigena,0
Inocybe umboninota,Inocybe umboninota,0
Inocybe umbratica,Inocybe umbratica,0
Inocybe virgata,Inocybe virgata,0
Inonotus cuticularis,Inonotus cuticularis,0
Inonotus glomeratus,Inonotus glomeratus,0
Inonotus obliquus,Inonotus obliquus,0
Iodophanus carneus,Iodophanus carneus,0
Ischnoderma benzoinum,Ischnoderma benzoinum,0
Ischnoderma resinosum,Ischnoderma resinosum,0
Jackrogersella multiformis,Jackrogersella multiformis,0
Jahnoporus hirtus,Jahnoporus hirtus,0
Junghuhnia nitida,Junghuhnia nitida,0
Kavinia alboviridis,Kavinia alboviridis,0
Kirschsteiniothelia aethiops,Kirschsteiniothelia aethiops,0
Kneiffiella abieticola,Kneiffiella abieticola,0
Kuehneromyces lignicola,Kuehneromyces lignicola,0
Kuehneromyces mutabilis,Kuehneromyces mutabilis,0
Laccaria altaica,Laccaria altaica,0
Laccaria bicolor,Laccaria bicolor,0
Laccaria laccata,Laccaria laccata,0
Laccaria laccata var. pallidifolia,Laccaria laccata var. pallidifolia,0
Laccaria longipes,Laccaria longipes,0
Laccaria nobilis,Laccaria nobilis,0
Laccaria proxima,Laccaria proxima,0
Laccaria striatula,Laccaria striatula,0
Laccaria tortilis,Laccaria tortilis,0
Laccaria trullisata,Laccaria trullisata,0
Lachnellula agassizii,Lachnellula agassizii,0
Lachnellula calyciformis,Lachnellula calyciformis,0
Lachnellula suecica,Lachnellula suecica,0
Lachnum calyculiforme,Lachnum calyculiforme,0
Lachnum sulphurellum,Lachnum sulphurellum,0
Lachnum virgineum,Lachnum virgineum,0
Lacrymaria lacrymabunda,Lacrymaria lacrymabunda,0
Lactarius affinis var. affinis,Lactarius affinis var. affinis,0
Lactarius affinis var. viridilactis,Lactarius affinis var. viridilactis,0
Lactarius albocarneus,Lactarius albocarneus,0
Lactarius alpinus,Lactarius alpinus,0
Lactarius aquizonatus,Lactarius aquizonatus,0
Lactarius aspideoides,Lactarius aspideoides,0
Lactarius aurantiacus,Lactarius aurantiacus,0
Lactarius badiosanguineus,Lactarius badiosanguineus,0
Lactarius blumii,Lactarius blumii,0
Lactarius caespitosus,Lactarius caespitosus,0
Lactarius camphoratus,Lactarius camphoratus,0
Lactarius chrysorrheus,Lactarius chrysorrheus,0
Lactarius circellatus,Lactarius circellatus,0
Lactarius deceptivus,Lactarius deceptivus,0
Lactarius deliciosus,Lactarius deliciosus,0
Lactarius deterrimus,Lactarius deterrimus,0
Lactarius fumosoides,Lactarius fumosoides,0
Lactarius fumosus,Lactarius fumosus,0
Lactarius gerardii,Lactarius gerardii,0
Lactarius glyciosmus,Lactarius glyciosmus,0
Lactarius griseus,Lactarius griseus,0
Lactarius helvus,Lactarius helvus,0
Lactarius hibbardiae,Lactarius hibbardiae,0
Lactarius hysginus,Lactarius hysginus,0
Lactarius lanceolatus,Lactarius lanceolatus,0
Lactarius leonis,Lactarius leonis,0
Lactarius lignyotellus,Lactarius lignyotellus,0
Lactarius lignyotus var. canadensis,Lactarius lignyotus var. canadensis,0
Lactarius lignyotus var. lignyotus,Lactarius lignyotus var. lignyotus,0
Lactarius lignyotus var. marginatus,Lactarius lignyotus var. marginatus,0
Lactarius lignyotus var. nigroviolascens,Lactarius lignyotus var. nigroviolascens,0
Lactarius mucidus,Lactarius mucidus,0
Lactarius necator,Lactarius necator,0
Lactarius nitidus,Lactarius nitidus,0
Lactarius oculatus,Lactarius oculatus,0
Lactarius pallidus,Lactarius pallidus,0
Lactarius peckii,Lactarius peckii,0
Lactarius pseudoflexuosus,Lactarius pseudoflexuosus,0
Lactarius pseudouvidus,Lactarius pseudouvidus,0
Lactarius pubescens,Lactarius pubescens,0
Lactarius repraesentaneus,Lactarius repraesentaneus,0
Lactarius resimus,Lactarius resimus,0
Lactarius rosezonatus,Lactarius roseozonatus,2
Lactarius rufus,Lactarius rufus,0
Lactarius salicis-herbaceae,Lactarius salicis-herbaceae,0
Lactarius salicis-reticulatae,Lactarius salicis-reticulatae,0
Lactarius scrobiculatus var. canadensis,Lactarius scrobiculatus var. canadensis,0
Lactarius serifluus,Lactarius serifluus,0
Lactarius sordidus,Lactarius sordidus,0
Lactarius sphagneti,Lactarius sphagneti,0
Lactarius subdulcis,Lactarius subdulcis,0
Lactarius subvellereus,Lactarius subvellereus,0
Lactarius tabidus,Lactarius tabidus,0
Lactarius thyinos,Lactarius thyinos,0
Lactarius torminosulus,Lactarius torminosulus,0
Lactarius torminosus,Lactarius torminosus,0
Lactarius trivialis,Lactarius trivialis,0
Lactarius tuomikoskii,Lactarius tuomikoskii,0
Lactarius uvidus,Lactarius uvidus,0
Lactarius vellereus,Lactarius vellereus,0
Lactarius vietus,Lactarius vietus,0
Lactarius vinaceorufescens,Lactarius vinaceorufescens,0
Lactarius zonarioides,Lactarius zonarioides,0
Lactarius zonarius,Lactarius zonarius,0
Lasiobelonium corticale,Lasiobelonium corticale,0
Lasiobolus macrotrichus,Lasiobolus macrotrichus,0
Lasiosphaeria ovina,Lasiosphaeria ovina,0
Laurilia sulcata,Laurilia sulcata,0
Leccinum aurantiacum,Leccinum aurantiacum,0
Leccinum holopus,Leccinum holopus,0
Leccinum insolens,Leccinum insolens,0
Leccinum piceinum,Leccinum piceinum,0
Leccinum rotundifoliae,Leccinum rotundifoliae,0
Leccinum scabrum,Leccinum scabrum,0
Leccinum schistophilum,Leccinum schistophilum,0
Leccinum snellii,Leccinum snellii,0
Leccinum subleucophaeum,Leccinum subleucophaeum,0
Leccinum variicolor,Leccinum variicolor,0
Leccinum versipelle,Leccinum versipelle,0
Leccinum vulpinum,Leccinum vulpinum,0
Leifia flabelliradiata,Leifia flabelliradiata,0
Lentaria byssiseda,Lentaria byssiseda,0
Lentaria micheneri,Lentaria micheneri,0
Lentinellus castoreus,Lentinellus castoreus,0
Lentinellus cochleatus,Lentinellus cochleatus,0
Lentinellus flabelliformis,Lentinellus flabelliformis,0
Lentinellus micheneri,Lentinellus micheneri,0
Leocarpus fragilis,Leocarpus fragilis,0
Leotia lubrica,Leotia lubrica,0
Leotia viscosa,Leotia viscosa,0
Lepiota cortinarius,Lepiota cortinarius,0
Lepiota cristata,Lepiota cristata,0
Lepista flaccida,Lepista flaccida,0
Lepista gilva,Lepista gilva,0
Lepista graveolens,Lepista graveolens,0
Lepista multiformis,Lepista multiformis,0
Lepista nuda,Lepista nuda,0
Lepista pseudectypa,Lepista pseudoectypa,2
Leptoporus mollis,Leptoporus mollis,0
Leucoagaricus leucothites,Leucoagaricus leucothites,0
Leucocoprinus cepistipes,Leucocoprinus cepistipes,0
Leucocybe connata,Leucocybe connata,0
Leucogyrophana lichenicola,Leucogyrophana lichenicola,0
Leucogyrophana romellii,Leucogyrophana romellii,0
Lichenomphalia alpina,Lichenomphalia alpina,0
Lichenomphalia hudsoniana,Lichenomphalia hudsoniana,0
Lichenomphalia umbellifera,Lichenomphalia umbellifera,0
Limacella illinita,Limacella illinita,0
Lopharia cinerascens,Lopharia cinerascens,0
Lophium mytilinum,Lophium mytilinum,0
Lycogala epidendrum,Lycogala epidendrum,0
Lycoperdon caudatum,Lycoperdon caudatum,0
Lycoperdon curtisii,Lycoperdon curtisii,0
Lycoperdon flavotinctum,Lycoperdon flavotinctum,0
Lycoperdon molle,Lycoperdon molle,0
Lycoperdon nigrescens,Lycoperdon nigrescens,0
Lycoperdon niveum,Lycoperdon niveum,0
Lycoperdon ovatum,Lycoperdon velatum,2
Lycoperdon pedicellatum,Lycoperdon pedicellatum,0
Lycoperdon perlatum,Lycoperdon perlatum,0
Lycoperdon pusillum,Lycoperdon pusillum,0
Lycoperdon pyriforme,Lycoperdon pyriforme,0
Lycoperdon umbrinum,Lycoperdon umbrinum,0
Lyoathelia laxa,Lyoathelia laxa,0
Lyomyces juniperi,Lyomyces juniperi,0
Lyophyllum decastes,Lyophyllum decastes,0
Lyophyllum semitale,Lyophyllum semitale,0
Lyophyllum shimeji,Lyophyllum shimeji,0
Macroderma curtisii,Macroderma curtisii,0
Marasmiellus filopes,Marasmiellus filopes,0
Marasmiellus perforans,Marasmiellus perforans,0
Marasmiellus vaillantii,Marasmiellus vaillantii,0
Marasmius capillaris,Marasmius capillaris,0
Marasmius epidryas,Marasmius epidryas,0
Marasmius epiphyllus,Marasmius epiphyllus,0
Marasmius graminum,Marasmius graminum,0
Marasmius limosus,Marasmius limosus,0
Marasmius oreades,Marasmius oreades,0
Marasmius pallidocephalus,Marasmius pallidocephalus,0
Marasmius rotula,Marasmius rotula,0
Marasmius thujinus,Marasmius thujinus,0
Marasmius wettsteinii,Marasmius wettsteinii,0
Megacollybia rodmanii,Megacollybia rodmanii,0
Megalocystidium leucoxanthum,Megalocystidium leucoxanthum,0
Melampsora epitea,Melampsora epitea,0
Melampsora populina,Melampsora populina,0
Melampsora populnea,Melampsora populnea,0
Melampsorella caryophyllacearum,Melampsorella caryophyllacearum,0
Melampsoridium betulinum,Melampsoridium betulinum,0
Melanoconis silbostoma,Melanconis stilbostoma,2
Melanoleuca alboflavida,Melanoleuca alboflavida,0
Melanoleuca brevipes,Melanoleuca brevipes,0
Melanoleuca cognata,Melanoleuca cognata,0
Melanoleuca melaleuca,Melanoleuca melaleuca,0
Melanoleuca verrucipes,Melanoleuca verrucipes,0
Melanomma pulvis-pyrius,Melanomma pulvis-pyrius,0
Melanospora caprina,Melanospora caprina,0
Melanospora lagenaria,Melanospora lagenaria,0
Melastiza chateri,Melastiza chateri,0
Merismodes anomala,Merismodes anomala,0
Merismodes fasciculata,Merismodes fasciculata,0
Meruliopsis taxicola,Meruliopsis taxicola,0
Microglossum rufum,Microglossum rufum,0
Mollisia cinerea,Mollisia cinerea,0
Mucilago crustacea,Mucilago crustacea,0
Mucronella calva,Mucronella calva,0
Multiclavula mucida,Multiclavula mucida,0
Multiclavula vernalis,Multiclavula vernalis,0
Mutatoderma populneum,Mutatoderma populneum,0
Mutinus ravenelii,Mutinus ravenelii,0
Mycena abramsii,Mycena abramsii,0
Mycena acicula,Mycena acicula,0
Mycena alexandri,Mycena alexandri,0
Mycena atroalboides,Mycena atroalboides,0
Mycena borealis,Mycena borealis,0
Mycena capillaripes,Mycena capillaripes,0
Mycena cinerella,Mycena cinerella,0
Mycena citrinomarginata,Mycena citrinomarginata,0
Mycena clavicularis,Mycena clavicularis,0
Mycena concolor,Mycena concolor,0
Mycena diosma,Mycena diosma,0
Mycena epipterygia var. epipterygia,Mycena epipterygia var. epipterygia,0
Mycena epipterygia var. lignicola,Mycena epipterygia var. lignicola,0
Mycena epipterygioides,Mycena epipterygioides,0
Mycena filopes,Mycena filopes,0
Mycena flavoalba,Mycena flavoalba,0
Mycena floridula,Mycena floridula,0
Mycena galericulata,Mycena galericulata,0
Mycena galopus,Mycena galopus,0
Mycena haematopus,Mycena haematopus,0
Mycena hemisphaerica,Mycena hemisphaerica,0
Mycena laevigata,Mycena laevigata,0
Mycena latifolia,Mycena latifolia,0
Mycena leptocephala,Mycena leptocephala,0
Mycena maculata,Mycena maculata,0
Mycena megaspora,Mycena megaspora,0
Mycena metata,Mycena metata,0
Mycena murina,Mycena murina,0
Mycena niveipes,Mycena niveipes,0
Mycena olivaceomarginata,Mycena olivaceomarginata,0
Mycena oregonensis,Mycena oregonensis,0
Mycena picta,Mycena picta,0
Mycena pura,Mycena pura,0
Mycena pura var. alba,Mycena pura var. alba,0
Mycena purpureofusca,Mycena purpureofusca,0
Mycena robusta,Mycena robusta,0
Mycena rorida,Mycena rorida,0
Mycena rosea,Mycena rosea,0
Mycena rosella,Mycena rosella,0
Mycena rosella var. albida,Mycena rosella var. albida,0
Mycena rubromarginata,Mycena rubromarginata,0
Mycena sanguinolenta,Mycena sanguinolenta,0
Mycena septentrionalis,Mycena septentrionalis,0
Mycena strobilinoides,Mycena strobilinoidea,2
Mycena stylobates,Mycena stylobates,0
Mycena urania,Mycena urania,0
Mycena vulgaris,Mycena vulgaris,0
Mycena zephira,,3
Mycenella trachyspora,Mycenella trachyspora,0
Mycetinis scorodonius,Mycetinis scorodonius,0
Mycoacia uda,Mycoacia uda,0
Mycocalicium subtile,Mycocalicium subtile,0
Myxarium nucleatum,Myxarium nucleatum,0
Naohidemyces vacciniorum,Naohidemyces vacciniorum,0
Naucoria escharioides,Naucoria escharioides,0
Nectria cinnabarina,Nectria cinnabarina,0
Nectria haematococca,Nectria haematococca,0
Nectriopsis candicans,Nectriopsis candicans,0
Nectriopsis violacea,Nectriopsis violacea,0
Neocudoniella albiceps,Neocudoniella albiceps,0
Neocudoniella radicella,Neocudoniella radicella,0
Neoerysiphe chelones,Neoerysiphe chelones,0
Neohygrocybe nitrata,Neohygrocybe nitrata,0
Neolecta irregularis,Neolecta irregularis,0
Neolecta vitellina,Neolecta vitellina,0
Neottiella vivida,Neottiella vivida,0
Nidularia deformis,Nidularia deformis,0
Nyssopsora clavellosa,Nyssopsora clavellosa,0
Octospora rubens,Octospora rubens,0
Omphalina oreades,Omphalina oreades,0
Omphalina pyxidata,Omphalina pyxidata,0
Onnia circinata,Onnia circinata,0
Onnia tomentosa,Onnia tomentosa,0
Onnia triquetra,Onnia triquetra,0
Onygena equina,Onygena equina,0
Orbilia curvatispora,Orbilia curvatispora,0
Orbilia xanthostigma,Orbilia xanthostigma,0
Otidea onotica,Otidea onotica,0
Otidea platyspora,Otidea platyspora,0
Oxyporus populinus,Oxyporus populinus,0
Panaeolina foenisecii,Panaeolina foenisecii,0
Panaeolus acuminatus,Panaeolus acuminatus,0
Panaeolus alcis,Panaeolus alcis,0
Panaeolus campanulatus,Panaeolus campanulatus,0
Panaeolus papilionaceus,Panaeolus papilionaceus,0
Panaeolus semiovatus,Panaeolus semiovatus,0
Panaeolus sphinctrinus,Panaeolus sphinctrinus,0
Panaeolus subbalteatus,Panaeolus subbalteatus,0
Panellus mitis,Panellus mitis,0
Panellus ringens,Panellus ringens,0
Panellus stipticus,Panellus stipticus,0
Panellus violaceofulvus,Panellus violaceofulvus,0
Parasola plicatilis,Parasola plicatilis,0
Paullicorticium allantosporum,Paullicorticium allantosporum,0
Paxillus involutus,Paxillus involutus,0
Paxillus rubicundulus,Paxillus rubicundulus,0
Paxillus vernalis,Paxillus vernalis,0
Peniophora aurantiaca,Peniophora aurantiaca,0
Peniophora cinerea,Peniophora cinerea,0
Peniophora erikssonii,Peniophora erikssonii,0
Peniophora incarnata,Peniophora incarnata,0
Peniophora nuda,Peniophora nuda,0
Peniophora polygonia,Peniophora polygonia,0
Peniophora rufa,Peniophora rufa,0
Peniophorella praetermissa,Peniophorella praetermissa,0
Peniophorella pubera,Peniophorella pubera,0
Perenniporia medulla-panis,Perenniporia medulla-panis,0
Perenniporia subacida,Perenniporia subacida,0
Perenniporia variegata,Perenniporia variegata,0
Peziza alcis,Peziza alcis,0
Peziza ammophila,Peziza ammophila,0
Peziza arvernensis,Peziza arvernensis,0
Peziza atrovinosa,Peziza atrovinosa,0
Peziza badia,Peziza badia,0
Peziza brunnea,Peziza brunnea,0
Peziza brunneoatra,Peziza brunneoatra,0
Peziza domiciliana,Peziza domiciliana,0
Peziza emileia,Peziza emileia,0
Peziza michelii,Peziza michelii,0
Peziza petersii,Peziza petersii,0
Peziza praetervisa,Peziza praetervisa,0
Peziza repanda,Peziza repanda,0
Peziza succosa,Peziza succosa,0
Peziza tenacella,Peziza tenacella,0
Peziza vesiculosa,Peziza vesiculosa,0
Peziza violacea,Peziza violacea,0
Phacopsis oxyspora,Phacopsis oxyspora,0
Phaeocollybia gregaria,Phaeocollybia gregaria,0
Phaeocollybia jennyae,Phaeocollybia jennyae,0
Phaeohelotium epiphyllum,Phaeohelotium epiphyllum,0
Phaeolus schweinitzii,Phaeolus schweinitzii,0
Phaeomarasmius erinaceus,Phaeomarasmius erinaceus,0
Phaeotremella foliacea,Phaeotremella foliacea,0
Phallus duplicatus,Phallus duplicatus,0
Phanerochaete sanguinea,Phanerochaete sanguinea,0
Phanerochaete sordida,Phanerochaete sordida,0
Phanerochaete velutina,Phanerochaete velutina,0
Phellinus abietis,Phellinus abietis,0
Phellinus betulinus,Phellinus betulinus,0
Phellinus chrysoloma,Phellinus chrysoloma,0
Phellinus cinereus,Phellinus cinereus,0
Phellinus conchatus,Phellinus conchatus,0
Phellinus contiguus,Phellinus contiguus,0
Phellinus ferreus,Phellinus ferreus,0
Phellinus ferruginosus,Phellinus ferruginosus,0
Phellinus gilvus,Phellinus gilvus,0
Phellinus igniarius,Phellinus igniarius,0
Phellinus laevigatus,Phellinus laevigatus,0
Phellinus lundellii,Phellinus lundellii,0
Phellinus nigricans,Phellinus nigricans,0
Phellinus nigrolimitatus,Phellinus nigrolimitatus,0
Phellinus piceinus,Phellinus piceinus,0
Phellinus pini,Phellinus pini,0
Phellinus prunicola,Phellinus prunicola,0
Phellinus tremulae,Phellinus tremulae,0
Phellinus viticola,Phellinus viticola,0
Phellodon confluens,Phellodon confluens,0
Phellodon melaleucus,Phellodon melaleucus,0
Phellodon niger var. alboniger,Phellodon niger var. alboniger,0
Phellodon niger var. niger,Phellodon niger var. niger,0
Phellodon tomentosus,Phellodon tomentosus,0
Phlebia centrifuga,Phlebia centrifuga,0
Phlebia livida,Phlebia livida,0
Phlebia radiata,Phlebia radiata,0
Phlebia subochracea,Phlebia subochracea,0
Phlebia subserialis,Phlebia subserialis,0
Phlebia tremellosa,Phlebia tremellosa,0
Phlebiella christiansenii,Phlebiella christiansenii,0
Phlebiella tulasnelloidea,Phlebiella tulasnelloidea,0
Phlebiella vaga,Phlebiella vaga,0
Phlebiopsis gigantea,Phlebiopsis gigantea,0
Phlegmacium triumphans,Phlegmacium triumphans,0
Pholiota alnicola,Pholiota alnicola,0
Pholiota astragalina,Pholiota astragalina,0
Pholiota granulosa,Pholiota granulosa,0
Pholiota highlandensis,Pholiota highlandensis,0
Pholiota lenta,Pholiota lenta,0
Pholiota limonella,Pholiota limonella,0
Pholiota malicola,Pholiota malicola,0
Pholiota mixta,Pholiota mixta,0
Pholiota scamba,Pholiota scamba,0
Pholiota spumosa,Pholiota spumosa,0
Pholiota squarrosa,Pholiota squarrosa,0
Pholiota squarrosoides,Pholiota squarrosoides,0
Pholiotina arrhenii,Pholiotina arrhenii,0
Phragmidium rubi-idaei,Phragmidium rubi-idaei,0
Phragmotrichum rubi-idaei,,3
Phyllotopsis nidulans,Phyllotopsis nidulans,0
Physarum confertum,Physarum confertum,0
Physarum virescens,Physarum virescens,0
Physarum viride,Physarum viride,0
Picipes americanus,Picipes americanus,0
Picipes tubaeformis,Picipes tubaeformis,0
Piloderma bicolor,Piloderma bicolor,0
Piloderma byssinum,Piloderma byssinum,0
Piloderma croceum,Piloderma croceum,0
Piptoporus betulinus,Piptoporus betulinus,0
Plectocarpon lichenum,Plectocarpon lichenum,0
Pleurocybella porrigens,Pleurocybella porrigens,0
Pleurotus dryinus,Pleurotus dryinus,0
Pleurotus pulmonarius,Pleurotus pulmonarius,0
Plicatura nivea,Plicatura nivea,0
Plicaturopsis crispa,Plicaturopsis crispa,0
Pluteus cervinus,Pluteus cervinus,0
Pluteus elaphinus,Pluteus elaphinus,0
Pluteus eos,Pluteus eos,0
Pluteus leoninus,Pluteus leoninus,0
Pluteus methvenii,Pluteus methvenii,0
Pluteus petasatus,Pluteus petasatus,0
Pluteus plautus,Pluteus plautus,0
Pluteus podospileus ,Pluteus podospileus,1
Pluteus primus,Pluteus primus,0
Podophacidium xanthomelum,Podophacidium xanthomelum,0
Podosphaera erigeorontis-canadensis,Podosphaera erigerontis-canadensis,2
Podosphaeria clandestina,Podosphaera clandestina,2
Polyozellus multiplex,Polyozellus multiplex,0
Polyporus badius,Polyporus badius,0
Polyporus brumalis,Polyporus brumalis,0
Polyporus ciliatus,Polyporus ciliatus,0
Polyporus varius,Polyporus varius,0
Porodaedalea chrysoloma,Porodaedalea chrysoloma,0
Porphyrellus fumosipes,Porphyrellus fumosipes,0
Porphyrellus porphyrosporus,Porphyrellus porphyrosporus,0
Postia balsamea,Postia balsamea,0
Postia caesia,Postia caesia,0
Postia fragilis,Postia fragilis,0
Postia ptychogaster,Postia ptychogaster,0
Postia sericeomollis,Postia sericeomollis,0
Postia stiptica,Postia stiptica,0
Postia tephroleuca,Postia tephroleuca,0
Protocrea pallida,Protocrea pallida,0
Protostropharia alcis,Protostropharia alcis,0
Protostropharia arctica,Protostropharia arctica,0
Protostropharia semiglobata,Protostropharia semiglobata,0
Psathyrella ammophila,Psathyrella ammophila,0
Psathyrella candolleana,Psathyrella candolleana,0
Psathyrella conissans,Psathyrella conissans,0
Psathyrella hydrophila,Psathyrella hydrophila,0
Psathyrella lutensis,Psathyrella lutensis,0
Psathyrella piluliformis,Psathyrella piluliformis,0
Psathyrella sarcocephala,Psathyrella sarcocephala,0
Psathyrella septentrionalis,Psathyrella septentrionalis,0
Psathyrella sphagnicola,Psathyrella sphagnicola,0
Psathyrella velutina,Psathyrella velutina,0
Pseudoarmillariella ectypoides,Pseudoarmillariella ectypoides,0
Pseudocercosporella leptosperma,Pseudocercosporella leptosperma,0
Pseudoclitocybe cyathiformis,Pseudoclitocybe cyathiformis,0
Pseudohydnum gelatinosum,Pseudohydnum gelatinosum,0
Pseudomerulius aureus,Pseudomerulius aureus,0
Pseudomphalina kalchbrenneri,Pseudoomphalina kalchbrenneri,2
Pseudoomphalina pachyphylla ,Pseudoomphalina pachyphylla,1
Pseudotomentella tristis,Pseudotomentella tristis,0
Pseudotricholoma umbrosum,Pseudotricholoma umbrosum,0
Psilocybe caerulipes,Psilocybe caerulipes,0
Psilocybe coprophila,Psilocybe coprophila,0
Psilocybe phyllogena,Psilocybe phyllogena,0
Psilocybe semilanceata,Psilocybe semilanceata,0
Ptychogaster rubescens,Ptychogaster rubescens,0
Puccinia cnici-oleracei,Puccinia cnici-oleracei,0
Puccinia conglomerata,Puccinia conglomerata,0
Puccinia coronata,Puccinia coronata,0
Puccinia dioicae,Puccinia dioicae,0
Puccinia fergussonii,Puccinia fergussonii,0
Puccinia hieracii,Puccinia hieracii,0
Puccinia poarum,Puccinia poarum,0
Puccinia polygoni,Puccinia polygoni,0
Puccinia ribis,Puccinia ribis,0
Pucciniastrum arcticum,Pucciniastrum arcticum,0
Pucciniastrum epilobii,Pucciniastrum epilobii,0
Pucciniastrum goeppertianum,Pucciniastrum goeppertianum,0
Pucciniastrum potentillae,Pucciniastrum potentillae,0
Pycnoporellus fulgens,Pycnoporellus fulgens,0
Radulomyces confluens,Radulomyces confluens,0
Ramaria acrisiccescens,Ramaria acrisiccescens,0
Ramaria aurantiisiccescens,Ramaria aurantiisiccescens,0
Ramaria aurea ,Ramaria aurea,1
Ramaria bataillei,Ramaria bataillei,0
Ramaria botrytis,Ramaria botrytis,0
Ramaria brunneomaculata,Ramaria brunneomaculata,0
Ramaria cartilaginea,Ramaria cartilaginea,0
Ramaria cystidiophora var. cystidiophora,Ramaria cystidiophora var. cystidiophora,0
Ramaria cystidiophora var. fabiolens,Ramaria cystidiophora var. fabiolens,0
Ramaria fasciculata,Ramaria fasciculata,0
Ramaria fennica,Ramaria fennica,0
Ramaria flaccida,Ramaria flaccida,0
Ramaria flava,Ramaria flava,0
Ramaria flavicingula,Ramaria flavicingula,0
Ramaria flavobrunnescens,Ramaria flavobrunnescens,0
Ramaria formosa,Ramaria formosa,0
Ramaria grundii,Ramaria grundii,0
Ramaria harrisonii,Ramaria harrisonii,0
Ramaria leptoformosa,Ramaria leptoformosa,0
Ramaria myceliosa,Ramaria myceliosa,0
Ramaria obtusissima,Ramaria obtusissima,0
Ramaria pallida,Ramaria pallida,0
Ramaria pallidosaponaria,Ramaria pallidosaponaria,0
Ramaria rubrievanescens,Ramaria rubrievanescens,0
Ramaria sandaracina,Ramaria sandaracina,0
Ramaria stricta,Ramaria stricta,0
Ramaria suecica,Ramaria suecica,0
Ramaria testaceoflava,Ramaria testaceoflava,0
Ramaria velocimutans,Ramaria velocimutans,0
Ramaria virescens,Ramaria virescens,0
Ramaria zeppelinospora,Ramaria zeppelinospora,0
Ramariopsis  crocea,Ramariopsis crocea,1
Ramariopsis kunzei,Ramariopsis kunzei,0
Ramariopsis rufipes,Ramariopsis rufipes,0
Ramariopsis subarctica,Ramariopsis subarctica,0
Ramariopsis tenuiramosa,Ramariopsis tenuiramosa,0
Ramularia destructiva,Ramularia destructiva,0
Ramularia taraxaci,Ramularia taraxaci,0
Resinicium bicolor,Resinicium bicolor,0
Resupinatus trichotis,Resupinatus trichotis,0
Reticularia splendens,Reticularia splendens,0
Rhizina undulata,Rhizina undulata,0
Rhizopogon evadens,Rhizopogon evadens,0
Rhizopogon pseudoroseolus,Rhizopogon pseudoroseolus,0
Rhodocollybia butyracea var. butyracea,Rhodocollybia butyracea var. butyracea,0
Rhodocollybia maculata var. maculata,Rhodocollybia maculata var. maculata,0
Rhodocollybia maculata var. scorzonera,Rhodocollybia maculata var. scorzonerea,2
Rhodocollybia prolixa var. distorta,Rhodocollybia prolixa var. distorta,0
Rhodocybe caelata,Rhodocybe caelata,0
Rhodocybe hirneola,Rhodocybe hirneola,0
Rhodocybe nitellina,Rhodocybe nitellina,0
Rhytisma acerinum,Rhytisma acerinum,0
Rhytisma andromedae,Rhytisma andromedae,0
Rhytisma ilicis-canadensis,Rhytisma ilicis-canadensis,0
Rhytisma prini,Rhytisma prini,0
Rhytisma pruni,Rhytisma pruni,0
Rhytisma salicinum,Rhytisma salicinum,0
Rhytisma solidaginis,Rhytisma solidaginis,0
Rickenella fibula,Rickenella fibula,0
Rickenella mellea,Rickenella mellea,0
Rickenella swartzii,Rickenella swartzii,0
Ripartites tricholoma,Ripartites tricholoma,0
Roseodiscus subcarneus,Roseodiscus subcarneus,0
Rugosomyces carneus,Rugosomyces carneus,0
Rugosomyces fallax,Rugosomyces fallax,0
Russula abietina,Russula abietina,0
Russula acetolens,Russula acetolens,0
Russula adusta,Russula adusta,0
Russula aeruginea,Russula aeruginea,0
Russula aeruginosa,Russula aeruginosa,0
Russula albonigra,Russula albonigra,0
Russula alnetorum,Russula alnetorum,0
Russula altaica,Russula altaica,0
Russula aquosa,Russula aquosa,0
Russula barlae,Russula barlae,0
Russula betularum,Russula betularum,0
Russula betulina,Russula betulina,0
Russula brevipes,Russula brevipes,0
Russula brevipes var. acrior,Russula brevipes var. acrior,0
Russula brunneola,Russula brunneola,0
Russula chamiteae,Russula chamiteae,0
Russula chloroides,Russula chloroides,0
Russula cicatricata,Russula cicatricata,0
Russula citrinochlora,Russula citrinochlora,0
Russula claroflava,Russula claroflava,0
Russula clavipes,Russula clavipes,0
Russula compacta,Russula compacta,0
Russula consorbina,Russula consobrina,2
Russula crassotunicata,Russula crassotunicata,0
Russula cyanoxantha,Russula cyanoxantha,0
Russula decolorans,Russula decolorans,0
Russula delica,Russula delica,0
Russula densifolia,Russula densifolia,0
Russula dissimulans,Russula dissimulans,0
Russula exalbicans,Russula exalbicans,0
Russula firmula,Russula firmula,0
Russula foetens,Russula foetens,0
Russula fragilis,Russula fragilis,0
Russula gracillima,Russula gracillima,0
Russula graminea,Russula graminea,0
Russula grata,Russula grata,0
Russula heterophylla,Russula heterophylla,0
Russula humidicola,Russula humidicola,0
Russula hydrophila,Russula hydrophila,0
Russula illota,Russula illota,0
Russula laurocerasi,Russula laurocerasi,0
Russula mairei,Russula mairei,0
Russula montana,Russula montana,0
Russula nana,Russula nana,0
Russula nauseosa,Russula nauseosa,0
Russula nigricans,Russula nigricans,0
Russula nitida,Russula nitida,0
Russula norvegica,Russula norvegica,0
Russula ochroleuca,Russula ochroleuca,0
Russula ochroleucoides,Russula ochroleucoides,0
Russula olivacea,Russula olivacea,0
Russula paludosa,Russula paludosa,0
Russula peckii,Russula peckii,0
Russula praeumbonata,Russula praeumbonata,0
Russula puellaris,Russula puellaris,0
Russula purpurata,Russula purpurata,0
Russula queletii,Russula queletii,0
Russula raoultii,Russula raoultii,0
Russula rhodopoda,Russula rhodopoda,0
Russula rosacea,Russula rosacea,0
Russula rosea,Russula rosea,0
Russula roseipes,Russula roseipes,0
Russula sanguinea,Russula sanguinea,0
Russula silvicola,Russula silvicola,0
Russula sphagnophila,Russula sphagnophila,0
Russula sylvestris,Russula silvestris,2
Russula variata,Russula variata,0
Russula velenovskyi,Russula velenovskyi,0
Russula versicolor,Russula versicolor,0
Russula vesca,Russula vesca,0
Russula violaceoincarnata,Russula violaceoincarnata,0
Russula viscida,Russula viscida,0
Russula xerampelina,Russula xerampelina,0
Rutstroemia firma,Rutstroemia firma,0
Sabuloglossum arenarium,Sabuloglossum arenarium,0
Sagaranella tylicolor,Sagaranella tylicolor,0
Sarcodon glaucopus,Sarcodon glaucopus,0
Sarcodon imbricatus,Sarcodon imbricatus,0
Sarcodon lanuginosus,Sarcodon lanuginosus,0
Sarcodon leucopus,Sarcodon leucopus,0
Sarcodon scabrosus,Sarcodon scabrosus,0
Sarcodon stereosarcinon,Sarcodon stereosarcinon,0
Sarcodon subfelleus,Sarcodon subfelleus,0
Sarcomyxa serotina,Sarcomyxa serotina,0
Scleroderma bovista,Scleroderma bovista,0
Scleroderma citrinum,Scleroderma citrinum,0
Scleroderma septentrionale,Scleroderma septentrionale,0
Scopuloides rimosa,Scopuloides rimosa,0
Scutellinia cejpii,Scutellinia cejpii,0
Scutellinia heterosculturata,Scutellinia heterosculpturata,2
Scutellinia kerguelensis,Scutellinia kerguelensis,0
Scutellinia nigrohirtula,Scutellinia nigrohirtula,0
Scutellinia scutellata,Scutellinia scutellata,0
Scutellinia superba,Scutellinia superba,0
Scytinostroma galactinum,Scytinostroma galactinum,0
Scytinostroma jacksonii,Scytinostroma jacksonii,0
Scytinostroma odoratum,Scytinostroma odoratum,0
Sebacina concrescens,Sebacina concrescens,0
Sebacina epigaea,Sebacina epigaea,0
Sebacina incrustans,Sebacina incrustans,0
Septoria canadensis,Septoria canadensis,0
Sidera lenis,Sidera lenis,0
Simocybe centunculus,Simocybe centunculus,0
Simocybe reducta,Simocybe reducta,0
Sistotrema confluens,Sistotrema confluens,0
Sistotrema muscicula,Sistotrema muscicola,2
Sistotrema octosporum,Sistotrema octosporum,0
Sistotremastrum suecicum,Sistotremastrum suecicum,0
Skeletocutis amorpha,Skeletocutis amorpha,0
Skeletocutis biguttulata,Skeletocutis biguttulata,0
Skeletocutis lenis,Skeletocutis lenis,0
Skeletocutis stellae,Skeletocutis stellae,0
Skeletocutis subincarnata,Skeletocutis subincarnata,0
Skeletocutis vulgaris,Skeletocutis vulgaris,0
Spathularia flavida,Spathularia flavida,0
Spathulariopsis velutipes,Spathulariopsis velutipes,0
Sphaerobolus stellatus,Sphaerobolus stellatus,0
Sphaeronaemella helvellae,Sphaeronaemella helvellae,0
Sphaerophorus globosus,Sphaerophorus globosus,0
Sphagnurus paluster (syn. Tephrocybe palustris),,3
Spinellus fusiger,Spinellus fusiger,0
Sporormiella dubia,Sporormiella dubia,0
Steccherinum ochraceum,Steccherinum ochraceum,0
Stemonitis axifera,Stemonitis axifera,0
Stemonitis fusca,Stemonitis fusca,0
Stereum gausapatum,Stereum gausapatum,0
Stereum hirsutum,Stereum hirsutum,0
Stereum ochraceoflavum,Stereum ochraceoflavum,0
Stereum ostrea,Stereum ostrea,0
Stereum rugosum,Stereum rugosum,0
Stereum sanguinolentum,Stereum sanguinolentum,0
Stromatocyphella conglobata,Stromatocyphella conglobata,0
Stropharia ambigua,Stropharia ambigua,0
Stropharia cyanea ,Stropharia cyanea,1
Stropharia hornemanii,Stropharia hornemannii,2
Stropharia magnivelaris,Stropharia magnivelaris,0
Stypella subgelatinosa,Stypella subgelatinosa,0
Stypella vermiformis,Stypella vermiformis,0
Suillus acidus,Suillus acidus,0
Suillus americanus,Suillus americanus,0
Suillus ampliporus,Suillus ampliporus,0
Suillus bresadolae,Suillus bresadolae,0
Suillus brevipes,Suillus brevipes,0
Suillus clintonianus,Suillus clintonianus,0
Suillus elbensis,Suillus elbensis,0
Suillus flavidus,Suillus flavidus,0
Suillus glandulosus,Suillus glandulosus,0
Suillus granulatus,Suillus granulatus,0
Suillus grevillei,Suillus grevillei,0
Suillus grisellus,Suillus grisellus,0
Suillus luteus,Suillus luteus,0
Suillus neoalbidipes,Suillus neoalbidipes,0
Suillus paluster,Suillus paluster,0
Suillus placidus,Suillus placidus,0
Suillus spectabilis,Suillus spectabilis,0
Suillus spraguei,Suillus spraguei,0
Suillus subalutaceus,Suillus subalutaceus,0
Suillus umbonatus,Suillus umbonatus,0
Sutorius eximius,Sutorius eximius,0
Tapesia hydrophila,Tapesia hydrophila,0
Taphrina betulina,Taphrina betulina,0
Taphrina robinsoniana,Taphrina robinsoniana,0
Tapinella panuoides,Tapinella panuoides,0
Tarzetta cupularis,Tarzetta cupularis,0
Tatraea macrospora,Tatraea macrospora,0
Tectella patellaris,Tectella patellaris,0
Tephrocybe striipilea,Tephrocybe striipilea,0
Thelephora caryophyllea,Thelephora caryophyllea,0
Thelephora palmata,Thelephora palmata,0
Thelephora terrestris,Thelephora terrestris,0
Tilachlidium brachiatum,Tilachlidium brachiatum,0
Tolypocladium ophioglossoides,Tolypocladium ophioglossoides,0
Tomentella botryoides,Tomentella botryoides,0
Tomentella bryophila,Tomentella bryophila,0
Tomentella fuscocinerea,Tomentella fuscocinerea,0
Tomentella lapida,Tomentella lapida,0
Tomentella lateritia,Tomentella lateritia,0
Tomentella radiosa,Tomentella radiosa,0
Tomentella stuposa,Tomentella stuposa,0
Tomentella sublilacina,Tomentella sublilacina,0
Tomentella terrestris,Tomentella terrestris,0
Tomentella umbrinospora,Tomentella umbrinospora,0
Tomentellopsis echinospora,Tomentellopsis echinospora,0
Trametes hirsuta,Trametes hirsuta,0
Trametes ochracea,Trametes ochracea,0
Trametes pubescens,Trametes pubescens,0
Trametes versicolor,Trametes versicolor,0
Trechispora confinis,Trechispora confinis,0
Trechispora farinacea,Trechispora farinacea,0
Trechispora microspora,Trechispora microspora,0
Trechispora mollusca,Trechispora mollusca,0
Trechispora silvae-ryae,Trechispora silvae-ryae,0
Trechispora subsphaerospora,Trechispora subsphaerospora,0
Tremella concrescens,Tremella concrescens,0
Tremella encephala,Tremella encephala,0
Tremella foliacea,Tremella foliacea,0
Tremella mesenterica,Tremella mesenterica,0
Tremella mycetophila,Tremella mycetophila,0
Tremiscus helvelloides,Tremiscus helvelloides,0
Trichaptum abietinum,Trichaptum abietinum,0
Trichaptum biforme,Trichaptum biforme,0
Trichaptum fuscoviolaceum,Trichaptum fuscoviolaceum,0
Trichaptum laricinum,Trichaptum laricinum,0
Trichaptum subchartaceum,Trichaptum subchartaceum,0
Trichodelitschia bisporula,Trichodelitschia bisporula,0
Trichoderma sulphureum,Trichoderma sulphureum,0
Trichoderma viride,Trichoderma viride,0
Trichoglossum hirsutum,Trichoglossum hirsutum,0
Tricholoma albobrunneum,Tricholoma albobrunneum,0
Tricholoma apium,Tricholoma apium,0
Tricholoma arvernense,Tricholoma arvernense,0
Tricholoma atrodiscum,Tricholoma atrodiscum,0
Tricholoma atrosquamosum,Tricholoma atrosquamosum,0
Tricholoma aurantium,Tricholoma aurantium,0
Tricholoma caligatum,Tricholoma caligatum,0
Tricholoma columbetta,Tricholoma columbetta,0
Tricholoma davisiae,Tricholoma davisiae,0
Tricholoma dulciolens,Tricholoma dulciolens,0
Tricholoma equestre,Tricholoma equestre,0
Tricholoma flavobrunneum,Tricholoma flavobrunneum,0
Tricholoma flavum,Tricholoma flavum,0
Tricholoma focale,Tricholoma focale,0
Tricholoma fulvum,Tricholoma fulvum,0
Tricholoma fumosoluteum,Tricholoma fumosoluteum,0
Tricholoma hemisulphureum,Tricholoma hemisulphureum,0
Tricholoma imbricatum,Tricholoma imbricatum,0
Tricholoma inamoenum,Tricholoma inamoenum,0
Tricholoma inodermeum,Tricholoma inodermeum,0
Tricholoma intermedium,Tricholoma intermedium,0
Tricholoma leucophyllum,Tricholoma leucophyllum,0
Tricholoma luridum,Tricholoma luridum,0
Tricholoma magnivelare,Tricholoma magnivelare,0
Tricholoma pardinum,Tricholoma pardinum,0
Tricholoma pessundatum,Tricholoma pessundatum,0
Tricholoma portentosum,Tricholoma portentosum,0
Tricholoma roseoacerbum,Tricholoma roseoacerbum,0
Tricholoma saponaceum,Tricholoma saponaceum,0
Tricholoma scalpturatum,Tricholoma scalpturatum,0
Tricholoma serratifolium,Tricholoma serratifolium,0
"Tricholoma sp. ""rusty trich""",,3
"Tricholoma sp. ""unearthly trich""",,3
Tricholoma stans,Tricholoma stans,0
Tricholoma stiparophyllum,Tricholoma stiparophyllum,0
Tricholoma subacutum,Tricholoma subacutum,0
Tricholoma subluteum,Tricholoma subluteum,0
Tricholoma subsejunctum,Tricholoma subsejunctum,0
Tricholoma terreum,Tricholoma terreum,0
Tricholoma transmutans,Tricholoma transmutans,0
Tricholoma ustale,Tricholoma ustale,0
Tricholoma vaccinum,Tricholoma vaccinum,0
Tricholoma virgatum,Tricholoma virgatum,0
Tricholomopsis decora,Tricholomopsis decora,0
Tricholomopsis flammula,Tricholomopsis flammula,0
Tricholomopsis rutilans,Tricholomopsis rutilans,0
Tricholomopsis sulfureoides,Tricholomopsis sulfureoides,0
Tubaria confragosa,Tubaria confragosa,0
Tubaria furfuracea,Tubaria furfuracea,0
Tubaria minutalis,Tubaria minutalis,0
Tubifera ferruginosa,Tubifera ferruginosa,0
Tubulicrinis calothrix,Tubulicrinis calothrix,0
Tubulicrinis glebulosus,Tubulicrinis glebulosus,0
Tubulicrinis gracillimus,Tubulicrinis gracillimus,0
Tubulicrinis subulatus,Tubulicrinis subulatus,0
Turbinellus floccosus,Turbinellus floccosus,0
Tylopilus felleus,Tylopilus felleus,0
Tylopilus porphyrosporus,Tylopilus porphyrosporus,0
Tympanis fasciculata,Tympanis fasciculata,0
Tyromyces chioneus,Tyromyces chioneus,0
Uredinopsis americana,Uredinopsis americana,0
Uredinopsis osmundae,Uredinopsis osmundae,0
Vararia gallica,Vararia gallica,0
Vararia investiens,Vararia investiens,0
Vararia racemosa,Vararia racemosa,0
Veluticeps abietina,Veluticeps abietina,0
Venturia inaequalis,Venturia inaequalis,0
Xanthoconium affine,Xanthoconium affine,0
Xanthoporia radiata,Xanthoporia radiata,0
Xenasmatella vaga,Xenasmatella vaga,0
Xerocomellus intermedius,Xerocomellus intermedius,0
Xerocomus ferrugineus,Xerocomus ferrugineus,0
Xerocomus subtomentosus,Xerocomus subtomentosus,0
Xeromphalina campanella,Xeromphalina campanella,0
Xeromphalina cauticinalis,Xeromphalina cauticinalis,0
Xeromphalina cornui,Xeromphalina cornui,0
Xeromphalina enigmatica,Xeromphalina enigmatica,0
Xeromphalina fellea,Xeromphalina fellea,0
Xeromphalina tenuipes,Xeromphalina tenuipes,0
Xylaria hypoxylon,Xylaria hypoxylon,0
Xylodon asperus,Xylodon asperus,0
Xylodon borealis,Xylodon borealis,0
Xylodon nespori,Xylodon nespori,0
Zignoëlla ovoidea,Zignoëlla ovoidea,0
